PooledFundName,PooledFundId,AllocationTypeId,AllocationYear,AllocationSourceName,ChfId,ChfProjectCode,Cluster,SubCluster,Percentage,ClusterBudget
Ukraine,81,458,2023,Reserve,24494,CBPF-UKR-23-R-INGO-24494,Emergency Shelter and NFI,,100,3143338.27
Ukraine,81,458,2023,Reserve,24496,CBPF-UKR-23-R-INGO-24496,Emergency Shelter and NFI,,73,3429625.4611
Ukraine,81,458,2023,Reserve,24496,CBPF-UKR-23-R-INGO-24496,Protection,,27,1268491.6089
Ukraine,81,458,2023,Reserve,24497,CBPF-UKR-23-R-INGO-24497,Protection,,100,2274715.63
Ukraine,81,458,2023,Reserve,24498,CBPF-UKR-23-R-INGO-24498,Emergency Shelter and NFI,,100,1000004.13
Ukraine,81,458,2023,Reserve,24499,CBPF-UKR-23-R-INGO-24499,Protection,,40,600000
Ukraine,81,458,2023,Reserve,24499,CBPF-UKR-23-R-INGO-24499,"Water, Sanitation and Hygiene",,60,900000
Ukraine,81,458,2023,Reserve,24508,CBPF-UKR-23-R-INGO-24508,Emergency Shelter and NFI,,20,257957.758
Ukraine,81,458,2023,Reserve,24508,CBPF-UKR-23-R-INGO-24508,Health,,50,644894.395
Ukraine,81,458,2023,Reserve,24508,CBPF-UKR-23-R-INGO-24508,Protection,,10,128978.879
Ukraine,81,458,2023,Reserve,24508,CBPF-UKR-23-R-INGO-24508,Protection,,20,257957.758
Ukraine,81,458,2023,Reserve,24510,CBPF-UKR-23-R-INGO-24510,"Water, Sanitation and Hygiene",,100,1158582.94
Ukraine,81,458,2023,Reserve,24512,CBPF-UKR-23-R-INGO-24512,Health,,100,999997.15
Ukraine,81,458,2023,Reserve,24513,CBPF-UKR-23-R-INGO-24513,Emergency Shelter and NFI,,25,1350000.0025
Ukraine,81,458,2023,Reserve,24513,CBPF-UKR-23-R-INGO-24513,Multi-purpose CASH,,30,1620000.003
Ukraine,81,458,2023,Reserve,24513,CBPF-UKR-23-R-INGO-24513,"Water, Sanitation and Hygiene",,45,2430000.0045
Ukraine,81,458,2023,Reserve,24528,CBPF-UKR-23-R-INGO-24528,Protection,,100,349984.59
Ukraine,81,495,2023,Reserve,26169,CBPF-UKR-23-R-INGO-26169,Emergency Shelter and NFI,,100,5000000
Ukraine,81,495,2023,Reserve,26171,CBPF-UKR-23-R-INGO-26171,Emergency Shelter and NFI,,100,997748.19
Ukraine,81,495,2023,Reserve,26172,CBPF-UKR-23-R-INGO-26172,Emergency Shelter and NFI,,72,1601675.2512
Ukraine,81,495,2023,Reserve,26172,CBPF-UKR-23-R-INGO-26172,Food Security,,18,400418.8128
Ukraine,81,495,2023,Reserve,26172,CBPF-UKR-23-R-INGO-26172,"Water, Sanitation and Hygiene",,10,222454.896
Ukraine,81,495,2023,Reserve,26176,CBPF-UKR-23-R-INGO-26176,Emergency Shelter and NFI,,100,4998901.39
Ukraine,81,495,2023,Reserve,26179,CBPF-UKR-23-R-INGO-26179,"Water, Sanitation and Hygiene",,100,1136458.79
Ukraine,81,495,2023,Reserve,26182,CBPF-UKR-23-R-INGO-26182,Emergency Shelter and NFI,,50,2499823.585
Ukraine,81,495,2023,Reserve,26182,CBPF-UKR-23-R-INGO-26182,Food Security,,50,2499823.585
Ukraine,81,495,2023,Reserve,26183,CBPF-UKR-23-R-INGO-26183,Emergency Shelter and NFI,,60,1499401.206
Ukraine,81,495,2023,Reserve,26183,CBPF-UKR-23-R-INGO-26183,Food Security,,40,999600.804
Ukraine,81,495,2023,Reserve,26187,CBPF-UKR-23-R-INGO-26187,Emergency Shelter and NFI,,100,3164328.06
Ukraine,81,495,2023,Reserve,26188,CBPF-UKR-23-R-INGO-26188,Emergency Shelter and NFI,,100,2498023.7
Ukraine,81,495,2023,Reserve,26190,CBPF-UKR-23-R-INGO-26190,Emergency Shelter and NFI,,100,1393570.14
Ukraine,81,495,2023,Reserve,26195,CBPF-UKR-23-R-INGO-26195,Emergency Shelter and NFI,,62,787591.1336
Ukraine,81,495,2023,Reserve,26195,CBPF-UKR-23-R-INGO-26195,Food Security,,38,482717.1464
Ukraine,81,495,2023,Reserve,26215,CBPF-UKR-23-R-INGO-26215,Emergency Shelter and NFI,,68,604519.184
Ukraine,81,495,2023,Reserve,26215,CBPF-UKR-23-R-INGO-26215,Food Security,,32,284479.616
Ukraine,81,495,2023,Reserve,26218,CBPF-UKR-23-R-INGO-26218,Emergency Shelter and NFI,,100,832449.23
Ukraine,81,495,2023,Reserve,26219,CBPF-UKR-23-R-INGO-26219,Emergency Shelter and NFI,,70,1391216.211
Ukraine,81,495,2023,Reserve,26219,CBPF-UKR-23-R-INGO-26219,"Water, Sanitation and Hygiene",,30,596235.519
Ukraine,81,495,2023,Reserve,26228,CBPF-UKR-23-R-INGO-26228,Emergency Shelter and NFI,,100,1690491.93
Ukraine,81,495,2023,Reserve,26236,CBPF-UKR-23-R-INGO-26236,Emergency Shelter and NFI,,100,1600000
Ukraine,81,495,2023,Reserve,26244,CBPF-UKR-23-R-INGO-26244,Emergency Shelter and NFI,,100,1472267.6
Ukraine,81,495,2023,Reserve,26249,CBPF-UKR-23-R-INGO-26249,Emergency Shelter and NFI,,100,1433139.38
Ukraine,81,458,2023,Reserve,24507,CBPF-UKR-23-R-NGO-24507,Protection,,100,3459766.89
Ukraine,81,495,2023,Reserve,26192,CBPF-UKR-23-R-NGO-26192,Emergency Shelter and NFI,,100,2482762.94
Ukraine,81,495,2023,Reserve,26203,CBPF-UKR-23-R-NGO-26203,Emergency Shelter and NFI,,100,809924.46
Ukraine,81,495,2023,Reserve,26224,CBPF-UKR-23-R-NGO-26224,Emergency Shelter and NFI,,100,1538458.53
Ukraine,81,495,2023,Reserve,26250,CBPF-UKR-23-R-NGO-26250,Emergency Shelter and NFI,,100,998966.9
Ukraine,81,458,2023,Reserve,24501,CBPF-UKR-23-R-UN-24501,Protection,,100,1478884.88
Ukraine,81,458,2023,Reserve,24502,CBPF-UKR-23-R-UN-24502,"Water, Sanitation and Hygiene",,100,5900000.18
Ukraine,81,458,2023,Reserve,24503,CBPF-UKR-23-R-UN-24503,Emergency Shelter and NFI,,38,1504885.5684
Ukraine,81,458,2023,Reserve,24503,CBPF-UKR-23-R-UN-24503,Protection,,15,594033.777
Ukraine,81,458,2023,Reserve,24503,CBPF-UKR-23-R-UN-24503,Protection,,15,594033.777
Ukraine,81,458,2023,Reserve,24503,CBPF-UKR-23-R-UN-24503,Protection,,32,1267272.0576
Ukraine,81,458,2023,Reserve,24511,CBPF-UKR-23-R-UN-24511,Food Security,,100,3899999.92
Ukraine,81,458,2023,Reserve,24514,CBPF-UKR-23-R-UN-24514,Food Security,,12,746535.5784
Ukraine,81,458,2023,Reserve,24514,CBPF-UKR-23-R-UN-24514,Protection,,88,5474594.2416
Ukraine,81,458,2023,Reserve,24515,CBPF-UKR-23-R-UN-24515,Health,,100,5714482.2
Ukraine,81,495,2023,Reserve,26170,CBPF-UKR-23-R-UN-26170,Emergency Shelter and NFI,,100,5000000
Ukraine,81,495,2023,Reserve,26174,CBPF-UKR-23-R-UN-26174,Food Security,,100,4995317.9
Ukraine,81,495,2023,Reserve,26247,CBPF-UKR-23-R-UN-26247,Emergency Shelter and NFI,,100,4203462.8
Ukraine,81,462,2023,Standard,24763,CBPF-UKR-23-S-INGO-24763,Emergency Shelter and NFI,,10,126825.765
Ukraine,81,462,2023,Standard,24763,CBPF-UKR-23-S-INGO-24763,Multi-purpose CASH,,45,570715.9425
Ukraine,81,462,2023,Standard,24763,CBPF-UKR-23-S-INGO-24763,"Water, Sanitation and Hygiene",,45,570715.9425
Ukraine,81,462,2023,Standard,24766,CBPF-UKR-23-S-INGO-24766,Emergency Shelter and NFI,,43,1538873.9337
Ukraine,81,462,2023,Standard,24766,CBPF-UKR-23-S-INGO-24766,Food Security,,22,787330.8498
Ukraine,81,462,2023,Standard,24766,CBPF-UKR-23-S-INGO-24766,Multi-purpose CASH,,35,1252571.8065
Ukraine,81,462,2023,Standard,24770,CBPF-UKR-23-S-INGO-24770,Education,,40,399999.812
Ukraine,81,462,2023,Standard,24770,CBPF-UKR-23-S-INGO-24770,Protection,,25,249999.8825
Ukraine,81,462,2023,Standard,24770,CBPF-UKR-23-S-INGO-24770,Protection,,35,349999.8355
Ukraine,81,462,2023,Standard,24774,CBPF-UKR-23-S-INGO-24774,Emergency Shelter and NFI,,30,749746.86
Ukraine,81,462,2023,Standard,24774,CBPF-UKR-23-S-INGO-24774,Food Security,,34,849713.108
Ukraine,81,462,2023,Standard,24774,CBPF-UKR-23-S-INGO-24774,Multi-purpose CASH,,36,899696.232
Ukraine,81,462,2023,Standard,24813,CBPF-UKR-23-S-INGO-24813,Coordination and Support Services,,100,359972.28
Ukraine,81,462,2023,Standard,24860,CBPF-UKR-23-S-INGO-24860,Health,,59,649000
Ukraine,81,462,2023,Standard,24860,CBPF-UKR-23-S-INGO-24860,Protection,,10,110000
Ukraine,81,462,2023,Standard,24860,CBPF-UKR-23-S-INGO-24860,"Water, Sanitation and Hygiene",,31,341000
Ukraine,81,462,2023,Standard,24872,CBPF-UKR-23-S-INGO-24872,Emergency Shelter and NFI,,11,550000.0011
Ukraine,81,462,2023,Standard,24872,CBPF-UKR-23-S-INGO-24872,Food Security,,33,1650000.0033
Ukraine,81,462,2023,Standard,24872,CBPF-UKR-23-S-INGO-24872,Multi-purpose CASH,,14,700000.0014
Ukraine,81,462,2023,Standard,24872,CBPF-UKR-23-S-INGO-24872,Protection,,42,2100000.0042
Ukraine,81,462,2023,Standard,24889,CBPF-UKR-23-S-INGO-24889,Emergency Shelter and NFI,,20,967971.248
Ukraine,81,462,2023,Standard,24889,CBPF-UKR-23-S-INGO-24889,Health,,30,1451956.872
Ukraine,81,462,2023,Standard,24889,CBPF-UKR-23-S-INGO-24889,Multi-purpose CASH,,20,967971.248
Ukraine,81,462,2023,Standard,24889,CBPF-UKR-23-S-INGO-24889,Protection,,5,241992.812
Ukraine,81,462,2023,Standard,24889,CBPF-UKR-23-S-INGO-24889,Protection,,5,241992.812
Ukraine,81,462,2023,Standard,24889,CBPF-UKR-23-S-INGO-24889,Protection,,10,483985.624
Ukraine,81,462,2023,Standard,24889,CBPF-UKR-23-S-INGO-24889,Protection,,10,483985.624
Ukraine,81,462,2023,Standard,24915,CBPF-UKR-23-S-INGO-24915,Multi-purpose CASH,,43,315425.1799
Ukraine,81,462,2023,Standard,24915,CBPF-UKR-23-S-INGO-24915,Protection,,57,418121.7501
Ukraine,81,462,2023,Standard,24927,CBPF-UKR-23-S-INGO-24927,Health,,75,750000
Ukraine,81,462,2023,Standard,24927,CBPF-UKR-23-S-INGO-24927,Protection,,8,80000
Ukraine,81,462,2023,Standard,24927,CBPF-UKR-23-S-INGO-24927,Protection,,17,170000
Ukraine,81,462,2023,Standard,24954,CBPF-UKR-23-S-INGO-24954,Health,,90,3152218.527
Ukraine,81,462,2023,Standard,24954,CBPF-UKR-23-S-INGO-24954,Protection,,2,70049.3006
Ukraine,81,462,2023,Standard,24954,CBPF-UKR-23-S-INGO-24954,Protection,,4,140098.6012
Ukraine,81,462,2023,Standard,24954,CBPF-UKR-23-S-INGO-24954,Protection,,4,140098.6012
Ukraine,81,462,2023,Standard,24955,CBPF-UKR-23-S-INGO-24955,Emergency Shelter and NFI,,25,661138.2875
Ukraine,81,462,2023,Standard,24955,CBPF-UKR-23-S-INGO-24955,Food Security,,30,793365.945
Ukraine,81,462,2023,Standard,24955,CBPF-UKR-23-S-INGO-24955,Protection,,45,1190048.9175
Ukraine,81,462,2023,Standard,24969,CBPF-UKR-23-S-INGO-24969,Education,,63,1119594.5019
Ukraine,81,462,2023,Standard,24969,CBPF-UKR-23-S-INGO-24969,Protection,,37,657539.6281
Ukraine,81,462,2023,Standard,24974,CBPF-UKR-23-S-INGO-24974,Emergency Shelter and NFI,,10,242862.225
Ukraine,81,462,2023,Standard,24974,CBPF-UKR-23-S-INGO-24974,Food Security,,10,242862.225
Ukraine,81,462,2023,Standard,24974,CBPF-UKR-23-S-INGO-24974,Multi-purpose CASH,,10,242862.225
Ukraine,81,462,2023,Standard,24974,CBPF-UKR-23-S-INGO-24974,Protection,,30,728586.675
Ukraine,81,462,2023,Standard,24974,CBPF-UKR-23-S-INGO-24974,"Water, Sanitation and Hygiene",,40,971448.9
Ukraine,81,462,2023,Standard,24985,CBPF-UKR-23-S-INGO-24985,Emergency Shelter and NFI,,30,718470.354
Ukraine,81,462,2023,Standard,24985,CBPF-UKR-23-S-INGO-24985,Health,,20,478980.236
Ukraine,81,462,2023,Standard,24985,CBPF-UKR-23-S-INGO-24985,Multi-purpose CASH,,20,478980.236
Ukraine,81,462,2023,Standard,24985,CBPF-UKR-23-S-INGO-24985,Protection,,30,718470.354
Ukraine,81,462,2023,Standard,24989,CBPF-UKR-23-S-INGO-24989,Education,,12,300000
Ukraine,81,462,2023,Standard,24989,CBPF-UKR-23-S-INGO-24989,Health,,11,275000
Ukraine,81,462,2023,Standard,24989,CBPF-UKR-23-S-INGO-24989,Protection,,18,450000
Ukraine,81,462,2023,Standard,24989,CBPF-UKR-23-S-INGO-24989,Protection,,26,650000
Ukraine,81,462,2023,Standard,24989,CBPF-UKR-23-S-INGO-24989,"Water, Sanitation and Hygiene",,33,825000
Ukraine,81,462,2023,Standard,25009,CBPF-UKR-23-S-INGO-25009,Emergency Shelter and NFI,,65,1619910.6365
Ukraine,81,462,2023,Standard,25009,CBPF-UKR-23-S-INGO-25009,"Water, Sanitation and Hygiene",,35,872259.5735
Ukraine,81,462,2023,Standard,25042,CBPF-UKR-23-S-INGO-25042,Protection,,45,449948.9745
Ukraine,81,462,2023,Standard,25042,CBPF-UKR-23-S-INGO-25042,Protection,,55,549937.6355
Ukraine,81,462,2023,Standard,26970,CBPF-UKR-23-S-INGO-26970,Health,,100,1996637.52
Ukraine,81,462,2023,Standard,24740,CBPF-UKR-23-S-NGO-24740,Emergency Shelter and NFI,,38,1300084.348
Ukraine,81,462,2023,Standard,24740,CBPF-UKR-23-S-NGO-24740,Food Security,,21,718467.666
Ukraine,81,462,2023,Standard,24740,CBPF-UKR-23-S-NGO-24740,"Water, Sanitation and Hygiene",,41,1402722.586
Ukraine,81,462,2023,Standard,24779,CBPF-UKR-23-S-NGO-24779,Protection,,5,35850.778
Ukraine,81,462,2023,Standard,24779,CBPF-UKR-23-S-NGO-24779,Protection,,10,71701.556
Ukraine,81,462,2023,Standard,24779,CBPF-UKR-23-S-NGO-24779,Protection,,10,71701.556
Ukraine,81,462,2023,Standard,24779,CBPF-UKR-23-S-NGO-24779,Protection,,70,501910.892
Ukraine,81,462,2023,Standard,24779,CBPF-UKR-23-S-NGO-24779,"Water, Sanitation and Hygiene",,5,35850.778
Ukraine,81,462,2023,Standard,24791,CBPF-UKR-23-S-NGO-24791,Emergency Shelter and NFI,,5,47657.693
Ukraine,81,462,2023,Standard,24791,CBPF-UKR-23-S-NGO-24791,Protection,,5,47657.693
Ukraine,81,462,2023,Standard,24791,CBPF-UKR-23-S-NGO-24791,Protection,,5,47657.693
Ukraine,81,462,2023,Standard,24791,CBPF-UKR-23-S-NGO-24791,Protection,,85,810180.781
Ukraine,81,462,2023,Standard,24793,CBPF-UKR-23-S-NGO-24793,Emergency Shelter and NFI,,12,198976.4988
Ukraine,81,462,2023,Standard,24793,CBPF-UKR-23-S-NGO-24793,Multi-purpose CASH,,57,945138.3693
Ukraine,81,462,2023,Standard,24793,CBPF-UKR-23-S-NGO-24793,Protection,,31,514022.6219
Ukraine,81,462,2023,Standard,24795,CBPF-UKR-23-S-NGO-24795,Health,,75,519837.27
Ukraine,81,462,2023,Standard,24795,CBPF-UKR-23-S-NGO-24795,Protection,,25,173279.09
Ukraine,81,462,2023,Standard,24797,CBPF-UKR-23-S-NGO-24797,Protection,,87,3841754.9523
Ukraine,81,462,2023,Standard,24797,CBPF-UKR-23-S-NGO-24797,"Water, Sanitation and Hygiene",,13,574055.3377
Ukraine,81,462,2023,Standard,24888,CBPF-UKR-23-S-NGO-24888,Education,,30,749909.223
Ukraine,81,462,2023,Standard,24888,CBPF-UKR-23-S-NGO-24888,Protection,,40,999878.964
Ukraine,81,462,2023,Standard,24888,CBPF-UKR-23-S-NGO-24888,"Water, Sanitation and Hygiene",,30,749909.223
Ukraine,81,462,2023,Standard,24903,CBPF-UKR-23-S-NGO-24903,Multi-purpose CASH,,80,1916775.744
Ukraine,81,462,2023,Standard,24903,CBPF-UKR-23-S-NGO-24903,Protection,,20,479193.936
Ukraine,81,462,2023,Standard,24977,CBPF-UKR-23-S-NGO-24977,Education,,70,1542461.536
Ukraine,81,462,2023,Standard,24977,CBPF-UKR-23-S-NGO-24977,Health,,30,661054.944
Ukraine,81,462,2023,Standard,24998,CBPF-UKR-23-S-NGO-24998,Education,,35,748522.5125
Ukraine,81,462,2023,Standard,24998,CBPF-UKR-23-S-NGO-24998,Protection,,10,213863.575
Ukraine,81,462,2023,Standard,24998,CBPF-UKR-23-S-NGO-24998,Protection,,20,427727.15
Ukraine,81,462,2023,Standard,24998,CBPF-UKR-23-S-NGO-24998,Protection,,35,748522.5125
Ukraine,81,462,2023,Standard,25051,CBPF-UKR-23-S-NGO-25051,Emergency Shelter and NFI,,39,2438728.1334
Ukraine,81,462,2023,Standard,25051,CBPF-UKR-23-S-NGO-25051,Food Security,,1,62531.4906
Ukraine,81,462,2023,Standard,25051,CBPF-UKR-23-S-NGO-25051,Protection,,59,3689357.9454
Ukraine,81,462,2023,Standard,25051,CBPF-UKR-23-S-NGO-25051,"Water, Sanitation and Hygiene",,1,62531.4906
Ukraine,81,462,2023,Standard,25054,CBPF-UKR-23-S-NGO-25054,Food Security,,17,109604.7545
Ukraine,81,462,2023,Standard,25054,CBPF-UKR-23-S-NGO-25054,Protection,,25,161183.4625
Ukraine,81,462,2023,Standard,25054,CBPF-UKR-23-S-NGO-25054,Protection,,52,335261.602
Ukraine,81,462,2023,Standard,25054,CBPF-UKR-23-S-NGO-25054,"Water, Sanitation and Hygiene",,6,38684.031
Ukraine,81,462,2023,Standard,25065,CBPF-UKR-23-S-NGO-25065,Emergency Shelter and NFI,,33,328969.3572
Ukraine,81,462,2023,Standard,25065,CBPF-UKR-23-S-NGO-25065,Food Security,,67,667907.4828
Ukraine,81,1283,2024,Reserve,32939,CBPF-UKR-24-R-INGO-32939,Emergency Shelter and NFI,,100,1759216.33
Ukraine,81,1283,2024,Reserve,32951,CBPF-UKR-24-R-INGO-32951,Emergency Shelter and NFI,,100,4854172.26
Ukraine,81,1283,2024,Reserve,32952,CBPF-UKR-24-R-INGO-32952,Camp Coordination / Management,,22,307565.4318
Ukraine,81,1283,2024,Reserve,32952,CBPF-UKR-24-R-INGO-32952,Emergency Shelter and NFI,,78,1090459.2582
Ukraine,81,1283,2024,Reserve,32958,CBPF-UKR-24-R-INGO-32958,Camp Coordination / Management,,100,570820.42
Ukraine,81,1283,2024,Reserve,32961,CBPF-UKR-24-R-INGO-32961,Emergency Shelter and NFI,,100,1457032.61
Ukraine,81,1283,2024,Reserve,32962,CBPF-UKR-24-R-INGO-32962,Emergency Shelter and NFI,,100,1698659.88
Ukraine,81,1283,2024,Reserve,32964,CBPF-UKR-24-R-INGO-32964,Emergency Shelter and NFI,,100,2491000
Ukraine,81,1283,2024,Reserve,32969,CBPF-UKR-24-R-INGO-32969,Emergency Shelter and NFI,,100,1841787.7
Ukraine,81,1283,2024,Reserve,32970,CBPF-UKR-24-R-INGO-32970,Emergency Shelter and NFI,,100,4833751.51
Ukraine,81,1283,2024,Reserve,32988,CBPF-UKR-24-R-INGO-32988,Emergency Shelter and NFI,,100,960144.04
Ukraine,81,1283,2024,Reserve,33030,CBPF-UKR-24-R-INGO-33030,Emergency Shelter and NFI,,100,2496066.04
Ukraine,81,1283,2024,Reserve,33089,CBPF-UKR-24-R-INGO-33089,Emergency Shelter and NFI,,100,2263475.4
Ukraine,81,1283,2024,Reserve,33093,CBPF-UKR-24-R-INGO-33093,Emergency Shelter and NFI,,100,1479750.08
Ukraine,81,1283,2024,Reserve,33097,CBPF-UKR-24-R-INGO-33097,Emergency Shelter and NFI,,100,4955831.51
Ukraine,81,1283,2024,Reserve,33102,CBPF-UKR-24-R-INGO-33102,Emergency Shelter and NFI,,100,2486903.84
Ukraine,81,1283,2024,Reserve,33140,CBPF-UKR-24-R-INGO-33140,Emergency Shelter and NFI,,100,1184200.57
Ukraine,81,1283,2024,Reserve,33142,CBPF-UKR-24-R-INGO-33142,Camp Coordination / Management,,7,350000
Ukraine,81,1283,2024,Reserve,33142,CBPF-UKR-24-R-INGO-33142,Emergency Shelter and NFI,,93,4650000
Ukraine,81,1283,2024,Reserve,33153,CBPF-UKR-24-R-INGO-33153,Emergency Shelter and NFI,,100,1528796.74
Ukraine,81,1283,2024,Reserve,32955,CBPF-UKR-24-R-NGO-32955,Emergency Shelter and NFI,,100,1125019.51
Ukraine,81,1283,2024,Reserve,32972,CBPF-UKR-24-R-NGO-32972,Emergency Shelter and NFI,,100,2453574.2
Ukraine,81,1283,2024,Reserve,32979,CBPF-UKR-24-R-NGO-32979,Emergency Shelter and NFI,,100,1825789.25
Ukraine,81,1283,2024,Reserve,33021,CBPF-UKR-24-R-NGO-33021,Emergency Shelter and NFI,,100,2459626.12
Ukraine,81,1283,2024,Reserve,33068,CBPF-UKR-24-R-NGO-33068,Emergency Shelter and NFI,,100,998405.41
Ukraine,81,1283,2024,Reserve,33117,CBPF-UKR-24-R-NGO-33117,Camp Coordination / Management,,10,452445.434
Ukraine,81,1283,2024,Reserve,33117,CBPF-UKR-24-R-NGO-33117,Emergency Shelter and NFI,,90,4072008.906
Ukraine,81,1283,2024,Reserve,33137,CBPF-UKR-24-R-NGO-33137,Camp Coordination / Management,,15,749971.836
Ukraine,81,1283,2024,Reserve,33137,CBPF-UKR-24-R-NGO-33137,Emergency Shelter and NFI,,85,4249840.404
Ukraine,81,1354,2024,Reserve,34151,CBPF-UKR-24-R-NGO-34151,Camp Coordination / Management,,30,1801058.448
Ukraine,81,1354,2024,Reserve,34151,CBPF-UKR-24-R-NGO-34151,Protection,,70,4202469.712
Ukraine,81,1354,2024,Reserve,34168,CBPF-UKR-24-R-NGO-34168,Camp Coordination / Management,,50,1249967.765
Ukraine,81,1354,2024,Reserve,34168,CBPF-UKR-24-R-NGO-34168,Protection,,25,624983.8825
Ukraine,81,1354,2024,Reserve,34168,CBPF-UKR-24-R-NGO-34168,Protection,,25,624983.8825
Ukraine,81,1354,2024,Reserve,34188,CBPF-UKR-24-R-NGO-34188,Camp Coordination / Management,,27,1349989.5429
Ukraine,81,1354,2024,Reserve,34188,CBPF-UKR-24-R-NGO-34188,Protection,,1,49999.6127
Ukraine,81,1354,2024,Reserve,34188,CBPF-UKR-24-R-NGO-34188,Protection,,69,3449973.2763
Ukraine,81,1354,2024,Reserve,34188,CBPF-UKR-24-R-NGO-34188,"Water, Sanitation and Hygiene",,3,149998.8381
Ukraine,81,1354,2024,Reserve,34193,CBPF-UKR-24-R-NGO-34193,Camp Coordination / Management,,75,2239834.32
Ukraine,81,1354,2024,Reserve,34193,CBPF-UKR-24-R-NGO-34193,Protection,,25,746611.44
Ukraine,81,1354,2024,Reserve,34225,CBPF-UKR-24-R-NGO-34225,Camp Coordination / Management,,57,1335313.2246
Ukraine,81,1354,2024,Reserve,34225,CBPF-UKR-24-R-NGO-34225,Protection,,12,281118.5736
Ukraine,81,1354,2024,Reserve,34225,CBPF-UKR-24-R-NGO-34225,Protection,,31,726222.9818
Ukraine,81,1354,2024,Reserve,34226,CBPF-UKR-24-R-NGO-34226,Camp Coordination / Management,,80,2149143.472
Ukraine,81,1354,2024,Reserve,34226,CBPF-UKR-24-R-NGO-34226,Protection,,5,134321.467
Ukraine,81,1354,2024,Reserve,34226,CBPF-UKR-24-R-NGO-34226,Protection,,15,402964.401
Ukraine,81,1283,2024,Reserve,32946,CBPF-UKR-24-R-UN-32946,Emergency Shelter and NFI,,100,4999695.75
Ukraine,81,521,2024,Standard,27243,CBPF-UKR-24-S-INGO-27243,Health,,48,1643229.2784
Ukraine,81,521,2024,Standard,27243,CBPF-UKR-24-S-INGO-27243,Protection,,15,513509.1495
Ukraine,81,521,2024,Standard,27243,CBPF-UKR-24-S-INGO-27243,Protection,,18,616210.9794
Ukraine,81,521,2024,Standard,27243,CBPF-UKR-24-S-INGO-27243,Protection,,19,650444.9227
Ukraine,81,521,2024,Standard,27250,CBPF-UKR-24-S-INGO-27250,Protection,,100,1971501.91
Ukraine,81,521,2024,Standard,27251,CBPF-UKR-24-S-INGO-27251,Emergency Shelter and NFI,,50,938055.03
Ukraine,81,521,2024,Standard,27251,CBPF-UKR-24-S-INGO-27251,"Water, Sanitation and Hygiene",,50,938055.03
Ukraine,81,521,2024,Standard,27265,CBPF-UKR-24-S-INGO-27265,Education,,45,449284.761
Ukraine,81,521,2024,Standard,27265,CBPF-UKR-24-S-INGO-27265,Protection,,25,249602.645
Ukraine,81,521,2024,Standard,27265,CBPF-UKR-24-S-INGO-27265,Protection,,30,299523.174
Ukraine,81,521,2024,Standard,27270,CBPF-UKR-24-S-INGO-27270,Education,,36,793753.1424
Ukraine,81,521,2024,Standard,27270,CBPF-UKR-24-S-INGO-27270,Protection,,16,352779.1744
Ukraine,81,521,2024,Standard,27270,CBPF-UKR-24-S-INGO-27270,Protection,,48,1058337.5232
Ukraine,81,521,2024,Standard,27283,CBPF-UKR-24-S-INGO-27283,Education,,20,223435.474
Ukraine,81,521,2024,Standard,27283,CBPF-UKR-24-S-INGO-27283,Protection,,80,893741.896
Ukraine,81,521,2024,Standard,27286,CBPF-UKR-24-S-INGO-27286,Protection,,100,1231502.28
Ukraine,81,521,2024,Standard,27292,CBPF-UKR-24-S-INGO-27292,Health,,80,1995798.336
Ukraine,81,521,2024,Standard,27292,CBPF-UKR-24-S-INGO-27292,Protection,,20,498949.584
Ukraine,81,521,2024,Standard,27309,CBPF-UKR-24-S-INGO-27309,Emergency Shelter and NFI,,30,300000
Ukraine,81,521,2024,Standard,27309,CBPF-UKR-24-S-INGO-27309,"Water, Sanitation and Hygiene",,70,700000
Ukraine,81,521,2024,Standard,27312,CBPF-UKR-24-S-INGO-27312,Health,,60,315425.838
Ukraine,81,521,2024,Standard,27312,CBPF-UKR-24-S-INGO-27312,Protection,,40,210283.892
Ukraine,81,521,2024,Standard,27328,CBPF-UKR-24-S-INGO-27328,Health,,20,190734.99
Ukraine,81,521,2024,Standard,27328,CBPF-UKR-24-S-INGO-27328,Protection,,80,762939.96
Ukraine,81,521,2024,Standard,27335,CBPF-UKR-24-S-INGO-27335,Emergency Shelter and NFI,,50,1999541.5
Ukraine,81,521,2024,Standard,27335,CBPF-UKR-24-S-INGO-27335,Food Security,,50,1999541.5
Ukraine,81,521,2024,Standard,27371,CBPF-UKR-24-S-INGO-27371,Emergency Shelter and NFI,,25,1250000
Ukraine,81,521,2024,Standard,27371,CBPF-UKR-24-S-INGO-27371,Multi-purpose CASH,,25,1250000
Ukraine,81,521,2024,Standard,27371,CBPF-UKR-24-S-INGO-27371,Protection,,1,50000
Ukraine,81,521,2024,Standard,27371,CBPF-UKR-24-S-INGO-27371,Protection,,14,700000
Ukraine,81,521,2024,Standard,27371,CBPF-UKR-24-S-INGO-27371,"Water, Sanitation and Hygiene",,35,1750000
Ukraine,81,521,2024,Standard,27458,CBPF-UKR-24-S-INGO-27458,Health,,78,1714973.5434
Ukraine,81,521,2024,Standard,27458,CBPF-UKR-24-S-INGO-27458,Protection,,4,87947.3612
Ukraine,81,521,2024,Standard,27458,CBPF-UKR-24-S-INGO-27458,Protection,,8,175894.7224
Ukraine,81,521,2024,Standard,27458,CBPF-UKR-24-S-INGO-27458,Protection,,10,219868.403
Ukraine,81,521,2024,Standard,27464,CBPF-UKR-24-S-INGO-27464,Education,,50,1153561.33
Ukraine,81,521,2024,Standard,27464,CBPF-UKR-24-S-INGO-27464,Protection,,50,1153561.33
Ukraine,81,521,2024,Standard,27522,CBPF-UKR-24-S-INGO-27522,Health,,50,1154798.365
Ukraine,81,521,2024,Standard,27522,CBPF-UKR-24-S-INGO-27522,Protection,,10,230959.673
Ukraine,81,521,2024,Standard,27522,CBPF-UKR-24-S-INGO-27522,Protection,,40,923838.692
Ukraine,81,521,2024,Standard,27527,CBPF-UKR-24-S-INGO-27527,Emergency Shelter and NFI,,36,1620000
Ukraine,81,521,2024,Standard,27527,CBPF-UKR-24-S-INGO-27527,Food Security,,8,360000
Ukraine,81,521,2024,Standard,27527,CBPF-UKR-24-S-INGO-27527,Protection,,9,405000
Ukraine,81,521,2024,Standard,27527,CBPF-UKR-24-S-INGO-27527,Protection,,14,630000
Ukraine,81,521,2024,Standard,27527,CBPF-UKR-24-S-INGO-27527,Protection,,33,1485000
Ukraine,81,521,2024,Standard,27529,CBPF-UKR-24-S-INGO-27529,Multi-purpose CASH,,10,100713.001
Ukraine,81,521,2024,Standard,27529,CBPF-UKR-24-S-INGO-27529,Protection,,90,906417.009
Ukraine,81,521,2024,Standard,27532,CBPF-UKR-24-S-INGO-27532,Emergency Shelter and NFI,,100,2203416.12
Ukraine,81,521,2024,Standard,27278,CBPF-UKR-24-S-NGO-27278,Emergency Shelter and NFI,,41,1372972.0512
Ukraine,81,521,2024,Standard,27278,CBPF-UKR-24-S-NGO-27278,Health,,4,133948.4928
Ukraine,81,521,2024,Standard,27278,CBPF-UKR-24-S-NGO-27278,"Water, Sanitation and Hygiene",,55,1841791.776
Ukraine,81,521,2024,Standard,27281,CBPF-UKR-24-S-NGO-27281,Protection,,10,57629.772
Ukraine,81,521,2024,Standard,27281,CBPF-UKR-24-S-NGO-27281,Protection,,40,230519.088
Ukraine,81,521,2024,Standard,27281,CBPF-UKR-24-S-NGO-27281,Protection,,50,288148.86
Ukraine,81,521,2024,Standard,27420,CBPF-UKR-24-S-NGO-27420,Education,,38,864193.5262
Ukraine,81,521,2024,Standard,27420,CBPF-UKR-24-S-NGO-27420,Emergency Shelter and NFI,,29,659516.1121
Ukraine,81,521,2024,Standard,27420,CBPF-UKR-24-S-NGO-27420,Food Security,,13,295645.1537
Ukraine,81,521,2024,Standard,27420,CBPF-UKR-24-S-NGO-27420,"Water, Sanitation and Hygiene",,20,454838.698
Ukraine,81,521,2024,Standard,27431,CBPF-UKR-24-S-NGO-27431,Protection,,47,444765.7658
Ukraine,81,521,2024,Standard,27431,CBPF-UKR-24-S-NGO-27431,Protection,,53,501544.3742
Ukraine,81,521,2024,Standard,27434,CBPF-UKR-24-S-NGO-27434,"Water, Sanitation and Hygiene",,100,249972.13
Ukraine,81,521,2024,Standard,27439,CBPF-UKR-24-S-NGO-27439,Food Security,,70,174981.38
Ukraine,81,521,2024,Standard,27439,CBPF-UKR-24-S-NGO-27439,"Water, Sanitation and Hygiene",,30,74992.02
Ukraine,81,521,2024,Standard,27442,CBPF-UKR-24-S-NGO-27442,Camp Coordination / Management,,30,74998.119
Ukraine,81,521,2024,Standard,27442,CBPF-UKR-24-S-NGO-27442,Emergency Shelter and NFI,,25,62498.4325
Ukraine,81,521,2024,Standard,27442,CBPF-UKR-24-S-NGO-27442,Food Security,,20,49998.746
Ukraine,81,521,2024,Standard,27442,CBPF-UKR-24-S-NGO-27442,Protection,,25,62498.4325
Ukraine,81,521,2024,Standard,27446,CBPF-UKR-24-S-NGO-27446,Multi-purpose CASH,,30,674097.552
Ukraine,81,521,2024,Standard,27446,CBPF-UKR-24-S-NGO-27446,Protection,,35,786447.144
Ukraine,81,521,2024,Standard,27446,CBPF-UKR-24-S-NGO-27446,Protection,,35,786447.144
Ukraine,81,521,2024,Standard,27449,CBPF-UKR-24-S-NGO-27449,Camp Coordination / Management,,50,124310.995
Ukraine,81,521,2024,Standard,27449,CBPF-UKR-24-S-NGO-27449,Protection,,25,62155.4975
Ukraine,81,521,2024,Standard,27449,CBPF-UKR-24-S-NGO-27449,Protection,,25,62155.4975
Ukraine,81,521,2024,Standard,27452,CBPF-UKR-24-S-NGO-27452,Camp Coordination / Management,,57,1358652.9177
Ukraine,81,521,2024,Standard,27452,CBPF-UKR-24-S-NGO-27452,Education,,4,95344.0644
Ukraine,81,521,2024,Standard,27452,CBPF-UKR-24-S-NGO-27452,Emergency Shelter and NFI,,15,357540.2415
Ukraine,81,521,2024,Standard,27452,CBPF-UKR-24-S-NGO-27452,Protection,,4,95344.0644
Ukraine,81,521,2024,Standard,27452,CBPF-UKR-24-S-NGO-27452,Protection,,10,238360.161
Ukraine,81,521,2024,Standard,27452,CBPF-UKR-24-S-NGO-27452,"Water, Sanitation and Hygiene",,10,238360.161
Ukraine,81,521,2024,Standard,27463,CBPF-UKR-24-S-NGO-27463,Multi-purpose CASH,,32,798850.8736
Ukraine,81,521,2024,Standard,27463,CBPF-UKR-24-S-NGO-27463,Protection,,8,199712.7184
Ukraine,81,521,2024,Standard,27463,CBPF-UKR-24-S-NGO-27463,Protection,,60,1497845.388
Ukraine,81,521,2024,Standard,27465,CBPF-UKR-24-S-NGO-27465,Camp Coordination / Management,,16,686137.1888
Ukraine,81,521,2024,Standard,27465,CBPF-UKR-24-S-NGO-27465,Emergency Shelter and NFI,,21,900555.0603
Ukraine,81,521,2024,Standard,27465,CBPF-UKR-24-S-NGO-27465,Multi-purpose CASH,,22,943438.6346
Ukraine,81,521,2024,Standard,27465,CBPF-UKR-24-S-NGO-27465,Protection,,7,300185.0201
Ukraine,81,521,2024,Standard,27465,CBPF-UKR-24-S-NGO-27465,Protection,,18,771904.3374
Ukraine,81,521,2024,Standard,27465,CBPF-UKR-24-S-NGO-27465,"Water, Sanitation and Hygiene",,16,686137.1888
Ukraine,81,521,2024,Standard,27471,CBPF-UKR-24-S-NGO-27471,Education,,43,1074975.3567
Ukraine,81,521,2024,Standard,27471,CBPF-UKR-24-S-NGO-27471,Protection,,10,249994.269
Ukraine,81,521,2024,Standard,27471,CBPF-UKR-24-S-NGO-27471,Protection,,10,249994.269
Ukraine,81,521,2024,Standard,27471,CBPF-UKR-24-S-NGO-27471,Protection,,18,449989.6842
Ukraine,81,521,2024,Standard,27471,CBPF-UKR-24-S-NGO-27471,Protection,,19,474989.1111
Ukraine,81,521,2024,Standard,27475,CBPF-UKR-24-S-NGO-27475,Health,,68,161969.71
Ukraine,81,521,2024,Standard,27475,CBPF-UKR-24-S-NGO-27475,Protection,,32,76221.04
Ukraine,81,521,2024,Standard,27486,CBPF-UKR-24-S-NGO-27486,Emergency Shelter and NFI,,12,299971.6668
Ukraine,81,521,2024,Standard,27486,CBPF-UKR-24-S-NGO-27486,Multi-purpose CASH,,40,999905.556
Ukraine,81,521,2024,Standard,27486,CBPF-UKR-24-S-NGO-27486,Protection,,12,299971.6668
Ukraine,81,521,2024,Standard,27486,CBPF-UKR-24-S-NGO-27486,Protection,,12,299971.6668
Ukraine,81,521,2024,Standard,27486,CBPF-UKR-24-S-NGO-27486,Protection,,12,299971.6668
Ukraine,81,521,2024,Standard,27486,CBPF-UKR-24-S-NGO-27486,"Water, Sanitation and Hygiene",,12,299971.6668
Ukraine,81,521,2024,Standard,27491,CBPF-UKR-24-S-NGO-27491,Camp Coordination / Management,,30,746391.81
Ukraine,81,521,2024,Standard,27491,CBPF-UKR-24-S-NGO-27491,Education,,25,621993.175
Ukraine,81,521,2024,Standard,27491,CBPF-UKR-24-S-NGO-27491,Emergency Shelter and NFI,,10,248797.27
Ukraine,81,521,2024,Standard,27491,CBPF-UKR-24-S-NGO-27491,Food Security,,10,248797.27
Ukraine,81,521,2024,Standard,27491,CBPF-UKR-24-S-NGO-27491,Protection,,25,621993.175
Ukraine,81,521,2024,Standard,27503,CBPF-UKR-24-S-NGO-27503,Health,,56,1036994.2856
Ukraine,81,521,2024,Standard,27503,CBPF-UKR-24-S-NGO-27503,Protection,,20,370355.102
Ukraine,81,521,2024,Standard,27503,CBPF-UKR-24-S-NGO-27503,Protection,,24,444426.1224
Ukraine,81,521,2024,Standard,27511,CBPF-UKR-24-S-NGO-27511,Camp Coordination / Management,,30,1203612.918
Ukraine,81,521,2024,Standard,27511,CBPF-UKR-24-S-NGO-27511,Emergency Shelter and NFI,,15,601806.459
Ukraine,81,521,2024,Standard,27511,CBPF-UKR-24-S-NGO-27511,Protection,,5,200602.153
Ukraine,81,521,2024,Standard,27511,CBPF-UKR-24-S-NGO-27511,Protection,,50,2006021.53
Ukraine,81,521,2024,Standard,27521,CBPF-UKR-24-S-NGO-27521,Emergency Shelter and NFI,,45,431378.451
Ukraine,81,521,2024,Standard,27521,CBPF-UKR-24-S-NGO-27521,Food Security,,55,527240.329
Ukraine,81,521,2024,Standard,27523,CBPF-UKR-24-S-NGO-27523,Emergency Shelter and NFI,,100,249958.32
Ukraine,81,521,2024,Standard,27525,CBPF-UKR-24-S-NGO-27525,Emergency Shelter and NFI,,40,99950.72
Ukraine,81,521,2024,Standard,27525,CBPF-UKR-24-S-NGO-27525,"Water, Sanitation and Hygiene",,60,149926.08
Ukraine,81,521,2024,Standard,27535,CBPF-UKR-24-S-NGO-27535,Emergency Shelter and NFI,,39,95237.0913
Ukraine,81,521,2024,Standard,27535,CBPF-UKR-24-S-NGO-27535,"Water, Sanitation and Hygiene",,61,148960.5787
Ukraine,81,1470,2025,Reserve,36903,CBPF-UKR-25-R-INGO-36903,Emergency Shelter and NFI,,100,5000000
Ukraine,81,1470,2025,Reserve,36915,CBPF-UKR-25-R-INGO-36915,Emergency Shelter and NFI,,100,1497278.98
Ukraine,81,1470,2025,Reserve,36925,CBPF-UKR-25-R-INGO-36925,Camp Coordination / Management,,9,134682.8796
Ukraine,81,1470,2025,Reserve,36925,CBPF-UKR-25-R-INGO-36925,Emergency Shelter and NFI,,91,1361793.5604
Ukraine,81,1470,2025,Reserve,36930,CBPF-UKR-25-R-INGO-36930,Emergency Shelter and NFI,,100,4807327.99
Ukraine,81,1470,2025,Reserve,36944,CBPF-UKR-25-R-INGO-36944,Emergency Shelter and NFI,,100,2188085.05
Ukraine,81,1470,2025,Reserve,36953,CBPF-UKR-25-R-INGO-36953,Camp Coordination / Management,,4,59528.902
Ukraine,81,1470,2025,Reserve,36953,CBPF-UKR-25-R-INGO-36953,Emergency Shelter and NFI,,96,1428693.648
Ukraine,81,1470,2025,Reserve,36971,CBPF-UKR-25-R-INGO-36971,Emergency Shelter and NFI,,100,2453232.98
Ukraine,81,1470,2025,Reserve,36999,CBPF-UKR-25-R-INGO-36999,Emergency Shelter and NFI,,100,1699080.84
Ukraine,81,1470,2025,Reserve,37006,CBPF-UKR-25-R-INGO-37006,Camp Coordination / Management,,69,413658.5052
Ukraine,81,1470,2025,Reserve,37006,CBPF-UKR-25-R-INGO-37006,Emergency Shelter and NFI,,31,185846.5748
Ukraine,81,1470,2025,Reserve,37105,CBPF-UKR-25-R-INGO-37105,Emergency Shelter and NFI,,100,2400000
Ukraine,81,1470,2025,Reserve,36887,CBPF-UKR-25-R-NGO-36887,Camp Coordination / Management,,1,14242.6756
Ukraine,81,1470,2025,Reserve,36887,CBPF-UKR-25-R-NGO-36887,Emergency Shelter and NFI,,99,1410024.8844
Ukraine,81,1470,2025,Reserve,36902,CBPF-UKR-25-R-NGO-36902,Emergency Shelter and NFI,,100,968937.17
Ukraine,81,1470,2025,Reserve,36943,CBPF-UKR-25-R-NGO-36943,Camp Coordination / Management,,10,85645.855
Ukraine,81,1470,2025,Reserve,36943,CBPF-UKR-25-R-NGO-36943,Emergency Shelter and NFI,,90,770812.695
Ukraine,81,1470,2025,Reserve,36959,CBPF-UKR-25-R-NGO-36959,Emergency Shelter and NFI,,100,2013706.83
Ukraine,81,1470,2025,Reserve,36964,CBPF-UKR-25-R-NGO-36964,Emergency Shelter and NFI,,100,1000000
Ukraine,81,1470,2025,Reserve,36966,CBPF-UKR-25-R-NGO-36966,Emergency Shelter and NFI,,100,4587310.4
Ukraine,81,1470,2025,Reserve,36972,CBPF-UKR-25-R-NGO-36972,Camp Coordination / Management,,2,96664.8542
Ukraine,81,1470,2025,Reserve,36972,CBPF-UKR-25-R-NGO-36972,Emergency Shelter and NFI,,98,4736577.8558
Ukraine,81,1470,2025,Reserve,36997,CBPF-UKR-25-R-NGO-36997,Emergency Shelter and NFI,,100,971714.82
Ukraine,81,1470,2025,Reserve,37008,CBPF-UKR-25-R-NGO-37008,Emergency Shelter and NFI,,100,2498983.93
Ukraine,81,1470,2025,Reserve,37037,CBPF-UKR-25-R-NGO-37037,Camp Coordination / Management,,1,49886.2718
Ukraine,81,1470,2025,Reserve,37037,CBPF-UKR-25-R-NGO-37037,Emergency Shelter and NFI,,99,4938740.9082
Ukraine,81,1470,2025,Reserve,37039,CBPF-UKR-25-R-NGO-37039,Emergency Shelter and NFI,,100,999855.13
Ukraine,81,1470,2025,Reserve,37127,CBPF-UKR-25-R-NGO-37127,Emergency Shelter and NFI,,100,2372487.21
Ukraine,81,1508,2025,Reserve,38096,CBPF-UKR-25-R-NGO-38096,Camp Coordination / Management,,82,2049999.4752
Ukraine,81,1508,2025,Reserve,38096,CBPF-UKR-25-R-NGO-38096,Protection,,18,449999.8848
Ukraine,81,1508,2025,Reserve,38099,CBPF-UKR-25-R-NGO-38099,Camp Coordination / Management,,70,1749993.56
Ukraine,81,1508,2025,Reserve,38099,CBPF-UKR-25-R-NGO-38099,Protection,,30,749997.24
Ukraine,81,1508,2025,Reserve,38104,CBPF-UKR-25-R-NGO-38104,Camp Coordination / Management,,67,1842499.9933
Ukraine,81,1508,2025,Reserve,38104,CBPF-UKR-25-R-NGO-38104,Protection,,33,907499.9967
Ukraine,81,1508,2025,Reserve,38117,CBPF-UKR-25-R-NGO-38117,Camp Coordination / Management,,60,1499999.616
Ukraine,81,1508,2025,Reserve,38117,CBPF-UKR-25-R-NGO-38117,Protection,,40,999999.744
Ukraine,81,1508,2025,Reserve,38119,CBPF-UKR-25-R-NGO-38119,Camp Coordination / Management,,60,1499968.8
Ukraine,81,1508,2025,Reserve,38119,CBPF-UKR-25-R-NGO-38119,Protection,,40,999979.2
Ukraine,81,1508,2025,Reserve,38120,CBPF-UKR-25-R-NGO-38120,Camp Coordination / Management,,80,2000000
Ukraine,81,1508,2025,Reserve,38120,CBPF-UKR-25-R-NGO-38120,Protection,,20,500000
Ukraine,81,1508,2025,Reserve,38128,CBPF-UKR-25-R-NGO-38128,Camp Coordination / Management,,75,2062500
Ukraine,81,1508,2025,Reserve,38128,CBPF-UKR-25-R-NGO-38128,Protection,,25,687500
Ukraine,81,1508,2025,Reserve,38129,CBPF-UKR-25-R-NGO-38129,Camp Coordination / Management,,85,2337500
Ukraine,81,1508,2025,Reserve,38129,CBPF-UKR-25-R-NGO-38129,Protection,,15,412500
Ukraine,81,1508,2025,Reserve,38135,CBPF-UKR-25-R-NGO-38135,Camp Coordination / Management,,50,1249999.68
Ukraine,81,1508,2025,Reserve,38135,CBPF-UKR-25-R-NGO-38135,Protection,,50,1249999.68
Ukraine,81,1508,2025,Reserve,38136,CBPF-UKR-25-R-NGO-38136,Camp Coordination / Management,,35,962465
Ukraine,81,1508,2025,Reserve,38136,CBPF-UKR-25-R-NGO-38136,Protection,,65,1787435
Ukraine,81,1388,2025,Standard,34704,CBPF-UKR-25-S-INGO-34704,Health,,70,2274895.609
Ukraine,81,1388,2025,Standard,34704,CBPF-UKR-25-S-INGO-34704,Protection,,7,227489.5609
Ukraine,81,1388,2025,Standard,34704,CBPF-UKR-25-S-INGO-34704,Protection,,8,259988.0696
Ukraine,81,1388,2025,Standard,34704,CBPF-UKR-25-S-INGO-34704,Protection,,15,487477.6305
Ukraine,81,1388,2025,Standard,34713,CBPF-UKR-25-S-INGO-34713,Emergency Shelter and NFI,,33,330000
Ukraine,81,1388,2025,Standard,34713,CBPF-UKR-25-S-INGO-34713,"Water, Sanitation and Hygiene",,67,670000
Ukraine,81,1388,2025,Standard,34719,CBPF-UKR-25-S-INGO-34719,Camp Coordination / Management,,15,331680.612
Ukraine,81,1388,2025,Standard,34719,CBPF-UKR-25-S-INGO-34719,Health,,5,110560.204
Ukraine,81,1388,2025,Standard,34719,CBPF-UKR-25-S-INGO-34719,Protection,,10,221120.408
Ukraine,81,1388,2025,Standard,34719,CBPF-UKR-25-S-INGO-34719,Protection,,10,221120.408
Ukraine,81,1388,2025,Standard,34719,CBPF-UKR-25-S-INGO-34719,Protection,,60,1326722.448
Ukraine,81,1388,2025,Standard,34721,CBPF-UKR-25-S-INGO-34721,Health,,70,1682970.786
Ukraine,81,1388,2025,Standard,34721,CBPF-UKR-25-S-INGO-34721,Protection,,30,721273.194
Ukraine,81,1388,2025,Standard,34724,CBPF-UKR-25-S-INGO-34724,Education,,57,1830914.6016
Ukraine,81,1388,2025,Standard,34724,CBPF-UKR-25-S-INGO-34724,Protection,,43,1381216.2784
Ukraine,81,1388,2025,Standard,34726,CBPF-UKR-25-S-INGO-34726,Education,,45,449612.0055
Ukraine,81,1388,2025,Standard,34726,CBPF-UKR-25-S-INGO-34726,Protection,,20,199827.558
Ukraine,81,1388,2025,Standard,34726,CBPF-UKR-25-S-INGO-34726,Protection,,35,349698.2265
Ukraine,81,1388,2025,Standard,34730,CBPF-UKR-25-S-INGO-34730,Health,,58,1334000
Ukraine,81,1388,2025,Standard,34730,CBPF-UKR-25-S-INGO-34730,Multi-purpose CASH,,9,207000
Ukraine,81,1388,2025,Standard,34730,CBPF-UKR-25-S-INGO-34730,Protection,,10,230000
Ukraine,81,1388,2025,Standard,34730,CBPF-UKR-25-S-INGO-34730,Protection,,23,529000
Ukraine,81,1388,2025,Standard,34732,CBPF-UKR-25-S-INGO-34732,Emergency Shelter and NFI,,44,1000555.0456
Ukraine,81,1388,2025,Standard,34732,CBPF-UKR-25-S-INGO-34732,Multi-purpose CASH,,18,409317.9732
Ukraine,81,1388,2025,Standard,34732,CBPF-UKR-25-S-INGO-34732,Protection,,15,341098.311
Ukraine,81,1388,2025,Standard,34732,CBPF-UKR-25-S-INGO-34732,Protection,,17,386578.0858
Ukraine,81,1388,2025,Standard,34732,CBPF-UKR-25-S-INGO-34732,"Water, Sanitation and Hygiene",,6,136439.3244
Ukraine,81,1388,2025,Standard,34737,CBPF-UKR-25-S-INGO-34737,Health,,35,542295.068
Ukraine,81,1388,2025,Standard,34737,CBPF-UKR-25-S-INGO-34737,Protection,,65,1007119.412
Ukraine,81,1388,2025,Standard,34744,CBPF-UKR-25-S-INGO-34744,Emergency Shelter and NFI,,49,2420950.2226
Ukraine,81,1388,2025,Standard,34744,CBPF-UKR-25-S-INGO-34744,Food Security,,33,1630435.8642
Ukraine,81,1388,2025,Standard,34744,CBPF-UKR-25-S-INGO-34744,Multi-purpose CASH,,18,889328.6532
Ukraine,81,1388,2025,Standard,34745,CBPF-UKR-25-S-INGO-34745,Health,,60,1197027.492
Ukraine,81,1388,2025,Standard,34745,CBPF-UKR-25-S-INGO-34745,Protection,,40,798018.328
Ukraine,81,1388,2025,Standard,34746,CBPF-UKR-25-S-INGO-34746,Health,,65,649999.9935
Ukraine,81,1388,2025,Standard,34746,CBPF-UKR-25-S-INGO-34746,Protection,,30,299999.997
Ukraine,81,1388,2025,Standard,34746,CBPF-UKR-25-S-INGO-34746,"Water, Sanitation and Hygiene",,5,49999.9995
Ukraine,81,1388,2025,Standard,34751,CBPF-UKR-25-S-INGO-34751,Health,,78,1950002.9406
Ukraine,81,1388,2025,Standard,34751,CBPF-UKR-25-S-INGO-34751,Protection,,4,100000.1508
Ukraine,81,1388,2025,Standard,34751,CBPF-UKR-25-S-INGO-34751,Protection,,8,200000.3016
Ukraine,81,1388,2025,Standard,34751,CBPF-UKR-25-S-INGO-34751,Protection,,10,250000.377
Ukraine,81,1388,2025,Standard,34757,CBPF-UKR-25-S-INGO-34757,Health,,32,614645.12
Ukraine,81,1388,2025,Standard,34757,CBPF-UKR-25-S-INGO-34757,Protection,,68,1306120.88
Ukraine,81,1388,2025,Standard,34805,CBPF-UKR-25-S-INGO-34805,Emergency Shelter and NFI,,67,1620517.0204
Ukraine,81,1388,2025,Standard,34805,CBPF-UKR-25-S-INGO-34805,Health,,13,314428.6756
Ukraine,81,1388,2025,Standard,34805,CBPF-UKR-25-S-INGO-34805,"Water, Sanitation and Hygiene",,20,483736.424
Ukraine,81,1388,2025,Standard,34810,CBPF-UKR-25-S-INGO-34810,Education,,16,399835.4768
Ukraine,81,1388,2025,Standard,34810,CBPF-UKR-25-S-INGO-34810,Emergency Shelter and NFI,,46,1149526.9958
Ukraine,81,1388,2025,Standard,34810,CBPF-UKR-25-S-INGO-34810,Multi-purpose CASH,,20,499794.346
Ukraine,81,1388,2025,Standard,34810,CBPF-UKR-25-S-INGO-34810,Protection,,1,24989.7173
Ukraine,81,1388,2025,Standard,34810,CBPF-UKR-25-S-INGO-34810,Protection,,5,124948.5865
Ukraine,81,1388,2025,Standard,34810,CBPF-UKR-25-S-INGO-34810,Protection,,12,299876.6076
Ukraine,81,1388,2025,Standard,34832,CBPF-UKR-25-S-INGO-34832,Education,,50,1226326.465
Ukraine,81,1388,2025,Standard,34832,CBPF-UKR-25-S-INGO-34832,Protection,,50,1226326.465
Ukraine,81,1388,2025,Standard,34868,CBPF-UKR-25-S-INGO-34868,Emergency Shelter and NFI,,26,594107.9508
Ukraine,81,1388,2025,Standard,34868,CBPF-UKR-25-S-INGO-34868,Multi-purpose CASH,,58,1325317.7364
Ukraine,81,1388,2025,Standard,34868,CBPF-UKR-25-S-INGO-34868,"Water, Sanitation and Hygiene",,16,365604.8928
Ukraine,81,1438,2025,Standard,35627,CBPF-UKR-25-S-INGO-35627,Emergency Shelter and NFI,,35,348265.1935
Ukraine,81,1438,2025,Standard,35627,CBPF-UKR-25-S-INGO-35627,Health,,20,199008.682
Ukraine,81,1438,2025,Standard,35627,CBPF-UKR-25-S-INGO-35627,"Water, Sanitation and Hygiene",,45,447769.5345
Ukraine,81,1438,2025,Standard,35650,CBPF-UKR-25-S-INGO-35650,Multi-purpose CASH,,28,286840.6548
Ukraine,81,1438,2025,Standard,35650,CBPF-UKR-25-S-INGO-35650,Protection,,41,420016.6731
Ukraine,81,1438,2025,Standard,35650,CBPF-UKR-25-S-INGO-35650,"Water, Sanitation and Hygiene",,31,317573.5821
Ukraine,81,1438,2025,Standard,35707,CBPF-UKR-25-S-INGO-35707,Emergency Shelter and NFI,,26,260000
Ukraine,81,1438,2025,Standard,35707,CBPF-UKR-25-S-INGO-35707,Multi-purpose CASH,,40,400000
Ukraine,81,1438,2025,Standard,35707,CBPF-UKR-25-S-INGO-35707,Protection,,11,110000
Ukraine,81,1438,2025,Standard,35707,CBPF-UKR-25-S-INGO-35707,"Water, Sanitation and Hygiene",,23,230000
Ukraine,81,1438,2025,Standard,35716,CBPF-UKR-25-S-INGO-35716,Health,,75,747549.0825
Ukraine,81,1438,2025,Standard,35716,CBPF-UKR-25-S-INGO-35716,Multi-purpose CASH,,25,249183.0275
Ukraine,81,1438,2025,Standard,35815,CBPF-UKR-25-S-INGO-35815,Multi-purpose CASH,,14,140000
Ukraine,81,1438,2025,Standard,35815,CBPF-UKR-25-S-INGO-35815,Protection,,10,100000
Ukraine,81,1438,2025,Standard,35815,CBPF-UKR-25-S-INGO-35815,Protection,,51,510000
Ukraine,81,1438,2025,Standard,35815,CBPF-UKR-25-S-INGO-35815,"Water, Sanitation and Hygiene",,25,250000
Ukraine,81,1438,2025,Standard,36015,CBPF-UKR-25-S-INGO-36015,Multi-purpose CASH,,74,649392.6536
Ukraine,81,1438,2025,Standard,36015,CBPF-UKR-25-S-INGO-36015,Protection,,26,228164.9864
Ukraine,81,1438,2025,Standard,36133,CBPF-UKR-25-S-INGO-36133,Education,,39,389641.2273
Ukraine,81,1438,2025,Standard,36133,CBPF-UKR-25-S-INGO-36133,Multi-purpose CASH,,51,509530.8357
Ukraine,81,1438,2025,Standard,36133,CBPF-UKR-25-S-INGO-36133,Protection,,10,99908.007
Ukraine,81,1455,2025,Standard,36776,CBPF-UKR-25-S-INGO-36776,Coordination and Support Services,,100,12000000
Ukraine,81,1388,2025,Standard,34733,CBPF-UKR-25-S-NGO-34733,Camp Coordination / Management,,5,188980.6825
Ukraine,81,1388,2025,Standard,34733,CBPF-UKR-25-S-NGO-34733,Education,,5,188980.6825
Ukraine,81,1388,2025,Standard,34733,CBPF-UKR-25-S-NGO-34733,Emergency Shelter and NFI,,9,340165.2285
Ukraine,81,1388,2025,Standard,34733,CBPF-UKR-25-S-NGO-34733,Protection,,4,151184.546
Ukraine,81,1388,2025,Standard,34733,CBPF-UKR-25-S-NGO-34733,"Water, Sanitation and Hygiene",,77,2910302.5105
Ukraine,81,1388,2025,Standard,34769,CBPF-UKR-25-S-NGO-34769,Camp Coordination / Management,,37,1182569.6503
Ukraine,81,1388,2025,Standard,34769,CBPF-UKR-25-S-NGO-34769,Protection,,20,639226.838
Ukraine,81,1388,2025,Standard,34769,CBPF-UKR-25-S-NGO-34769,Protection,,33,1054724.2827
Ukraine,81,1388,2025,Standard,34769,CBPF-UKR-25-S-NGO-34769,"Water, Sanitation and Hygiene",,10,319613.419
Ukraine,81,1388,2025,Standard,34771,CBPF-UKR-25-S-NGO-34771,Camp Coordination / Management,,27,1734499.6695
Ukraine,81,1388,2025,Standard,34771,CBPF-UKR-25-S-NGO-34771,Protection,,1,64240.7285
Ukraine,81,1388,2025,Standard,34771,CBPF-UKR-25-S-NGO-34771,Protection,,62,3982925.167
Ukraine,81,1388,2025,Standard,34771,CBPF-UKR-25-S-NGO-34771,"Water, Sanitation and Hygiene",,10,642407.285
Ukraine,81,1388,2025,Standard,34778,CBPF-UKR-25-S-NGO-34778,Protection,,100,962150.06
Ukraine,81,1388,2025,Standard,34780,CBPF-UKR-25-S-NGO-34780,Protection,,40,393496.788
Ukraine,81,1388,2025,Standard,34780,CBPF-UKR-25-S-NGO-34780,Protection,,60,590245.182
Ukraine,81,1388,2025,Standard,34782,CBPF-UKR-25-S-NGO-34782,Education,,30,330421.809
Ukraine,81,1388,2025,Standard,34782,CBPF-UKR-25-S-NGO-34782,Food Security,,30,330421.809
Ukraine,81,1388,2025,Standard,34782,CBPF-UKR-25-S-NGO-34782,Protection,,30,330421.809
Ukraine,81,1388,2025,Standard,34782,CBPF-UKR-25-S-NGO-34782,"Water, Sanitation and Hygiene",,10,110140.603
Ukraine,81,1388,2025,Standard,34793,CBPF-UKR-25-S-NGO-34793,Camp Coordination / Management,,14,906570.9464
Ukraine,81,1388,2025,Standard,34793,CBPF-UKR-25-S-NGO-34793,Emergency Shelter and NFI,,20,1295101.352
Ukraine,81,1388,2025,Standard,34793,CBPF-UKR-25-S-NGO-34793,Food Security,,6,388530.4056
Ukraine,81,1388,2025,Standard,34793,CBPF-UKR-25-S-NGO-34793,Health,,3,194265.2028
Ukraine,81,1388,2025,Standard,34793,CBPF-UKR-25-S-NGO-34793,Multi-purpose CASH,,25,1618876.69
Ukraine,81,1388,2025,Standard,34793,CBPF-UKR-25-S-NGO-34793,Protection,,4,259020.2704
Ukraine,81,1388,2025,Standard,34793,CBPF-UKR-25-S-NGO-34793,Protection,,15,971326.014
Ukraine,81,1388,2025,Standard,34793,CBPF-UKR-25-S-NGO-34793,"Water, Sanitation and Hygiene",,13,841815.8788
Ukraine,81,1388,2025,Standard,34794,CBPF-UKR-25-S-NGO-34794,Camp Coordination / Management,,28,1636808.3004
Ukraine,81,1388,2025,Standard,34794,CBPF-UKR-25-S-NGO-34794,Emergency Shelter and NFI,,14,818404.1502
Ukraine,81,1388,2025,Standard,34794,CBPF-UKR-25-S-NGO-34794,Protection,,2,116914.8786
Ukraine,81,1388,2025,Standard,34794,CBPF-UKR-25-S-NGO-34794,Protection,,3,175372.3179
Ukraine,81,1388,2025,Standard,34794,CBPF-UKR-25-S-NGO-34794,Protection,,37,2162925.2541
Ukraine,81,1388,2025,Standard,34794,CBPF-UKR-25-S-NGO-34794,"Water, Sanitation and Hygiene",,16,935319.0288
Ukraine,81,1388,2025,Standard,34797,CBPF-UKR-25-S-NGO-34797,Multi-purpose CASH,,32,786983.9616
Ukraine,81,1388,2025,Standard,34797,CBPF-UKR-25-S-NGO-34797,Protection,,8,196745.9904
Ukraine,81,1388,2025,Standard,34797,CBPF-UKR-25-S-NGO-34797,Protection,,60,1475594.928
Ukraine,81,1388,2025,Standard,34799,CBPF-UKR-25-S-NGO-34799,Camp Coordination / Management,,40,1296462.452
Ukraine,81,1388,2025,Standard,34799,CBPF-UKR-25-S-NGO-34799,Food Security,,1,32411.5613
Ukraine,81,1388,2025,Standard,34799,CBPF-UKR-25-S-NGO-34799,Protection,,8,259292.4904
Ukraine,81,1388,2025,Standard,34799,CBPF-UKR-25-S-NGO-34799,Protection,,50,1620578.065
Ukraine,81,1388,2025,Standard,34799,CBPF-UKR-25-S-NGO-34799,"Water, Sanitation and Hygiene",,1,32411.5613
Ukraine,81,1388,2025,Standard,34806,CBPF-UKR-25-S-NGO-34806,Protection,,25,59387.14
Ukraine,81,1388,2025,Standard,34806,CBPF-UKR-25-S-NGO-34806,"Water, Sanitation and Hygiene",,75,178161.42
Ukraine,81,1388,2025,Standard,34807,CBPF-UKR-25-S-NGO-34807,Protection,,13,131087.4227
Ukraine,81,1388,2025,Standard,34807,CBPF-UKR-25-S-NGO-34807,Protection,,36,363011.3244
Ukraine,81,1388,2025,Standard,34807,CBPF-UKR-25-S-NGO-34807,Protection,,51,514266.0429
Ukraine,81,1388,2025,Standard,34816,CBPF-UKR-25-S-NGO-34816,Camp Coordination / Management,,25,62500
Ukraine,81,1388,2025,Standard,34816,CBPF-UKR-25-S-NGO-34816,Protection,,20,50000
Ukraine,81,1388,2025,Standard,34816,CBPF-UKR-25-S-NGO-34816,"Water, Sanitation and Hygiene",,55,137500
Ukraine,81,1388,2025,Standard,34817,CBPF-UKR-25-S-NGO-34817,Emergency Shelter and NFI,,50,2884285.815
Ukraine,81,1388,2025,Standard,34817,CBPF-UKR-25-S-NGO-34817,Food Security,,15,865285.7445
Ukraine,81,1388,2025,Standard,34817,CBPF-UKR-25-S-NGO-34817,Protection,,35,2019000.0705
Ukraine,81,1388,2025,Standard,34826,CBPF-UKR-25-S-NGO-34826,Education,,54,134771.85
Ukraine,81,1388,2025,Standard,34826,CBPF-UKR-25-S-NGO-34826,"Water, Sanitation and Hygiene",,46,114805.65
Ukraine,81,1388,2025,Standard,34827,CBPF-UKR-25-S-NGO-34827,Food Security,,30,300000
Ukraine,81,1388,2025,Standard,34827,CBPF-UKR-25-S-NGO-34827,Multi-purpose CASH,,40,400000
Ukraine,81,1388,2025,Standard,34827,CBPF-UKR-25-S-NGO-34827,"Water, Sanitation and Hygiene",,30,300000
Ukraine,81,1388,2025,Standard,34841,CBPF-UKR-25-S-NGO-34841,Emergency Shelter and NFI,,53,529533.653
Ukraine,81,1388,2025,Standard,34841,CBPF-UKR-25-S-NGO-34841,Food Security,,30,299736.03
Ukraine,81,1388,2025,Standard,34841,CBPF-UKR-25-S-NGO-34841,Protection,,2,19982.402
Ukraine,81,1388,2025,Standard,34841,CBPF-UKR-25-S-NGO-34841,Protection,,4,39964.804
Ukraine,81,1388,2025,Standard,34841,CBPF-UKR-25-S-NGO-34841,"Water, Sanitation and Hygiene",,11,109903.211
Ukraine,81,1388,2025,Standard,34847,CBPF-UKR-25-S-NGO-34847,Camp Coordination / Management,,5,131489.6195
Ukraine,81,1388,2025,Standard,34847,CBPF-UKR-25-S-NGO-34847,Protection,,25,657448.0975
Ukraine,81,1388,2025,Standard,34847,CBPF-UKR-25-S-NGO-34847,Protection,,50,1314896.195
Ukraine,81,1388,2025,Standard,34847,CBPF-UKR-25-S-NGO-34847,"Water, Sanitation and Hygiene",,20,525958.478
Ukraine,81,1388,2025,Standard,34869,CBPF-UKR-25-S-NGO-34869,Education,,45,112492.845
Ukraine,81,1388,2025,Standard,34869,CBPF-UKR-25-S-NGO-34869,Protection,,10,24998.41
Ukraine,81,1388,2025,Standard,34869,CBPF-UKR-25-S-NGO-34869,Protection,,45,112492.845
Ukraine,81,1388,2025,Standard,34873,CBPF-UKR-25-S-NGO-34873,Emergency Shelter and NFI,,26,219372.3428
Ukraine,81,1388,2025,Standard,34873,CBPF-UKR-25-S-NGO-34873,Food Security,,32,269996.7296
Ukraine,81,1388,2025,Standard,34873,CBPF-UKR-25-S-NGO-34873,"Water, Sanitation and Hygiene",,42,354370.7076
Ukraine,81,1388,2025,Standard,34875,CBPF-UKR-25-S-NGO-34875,Health,,28,527535.9684
Ukraine,81,1388,2025,Standard,34875,CBPF-UKR-25-S-NGO-34875,Multi-purpose CASH,,8,150724.5624
Ukraine,81,1388,2025,Standard,34875,CBPF-UKR-25-S-NGO-34875,Protection,,5,94202.8515
Ukraine,81,1388,2025,Standard,34875,CBPF-UKR-25-S-NGO-34875,Protection,,15,282608.5545
Ukraine,81,1388,2025,Standard,34875,CBPF-UKR-25-S-NGO-34875,Protection,,44,828985.0932
Ukraine,81,1388,2025,Standard,34878,CBPF-UKR-25-S-NGO-34878,Camp Coordination / Management,,14,411931.5158
Ukraine,81,1388,2025,Standard,34878,CBPF-UKR-25-S-NGO-34878,Emergency Shelter and NFI,,14,411931.5158
Ukraine,81,1388,2025,Standard,34878,CBPF-UKR-25-S-NGO-34878,Protection,,72,2118504.9384
Ukraine,81,1388,2025,Standard,34892,CBPF-UKR-25-S-NGO-34892,Camp Coordination / Management,,6,193756.6692
Ukraine,81,1388,2025,Standard,34892,CBPF-UKR-25-S-NGO-34892,Protection,,93,3003228.3726
Ukraine,81,1388,2025,Standard,34892,CBPF-UKR-25-S-NGO-34892,"Water, Sanitation and Hygiene",,1,32292.7782
Ukraine,81,1388,2025,Standard,34910,CBPF-UKR-25-S-NGO-34910,Camp Coordination / Management,,50,119685.785
Ukraine,81,1388,2025,Standard,34910,CBPF-UKR-25-S-NGO-34910,Protection,,25,59842.8925
Ukraine,81,1388,2025,Standard,34910,CBPF-UKR-25-S-NGO-34910,Protection,,25,59842.8925
Ukraine,81,1438,2025,Standard,35637,CBPF-UKR-25-S-NGO-35637,Health,,66,163910.1288
Ukraine,81,1438,2025,Standard,35637,CBPF-UKR-25-S-NGO-35637,Multi-purpose CASH,,34,84438.5512
Ukraine,81,1438,2025,Standard,35659,CBPF-UKR-25-S-NGO-35659,Emergency Shelter and NFI,,55,545945.8015
Ukraine,81,1438,2025,Standard,35659,CBPF-UKR-25-S-NGO-35659,Multi-purpose CASH,,25,248157.1825
Ukraine,81,1438,2025,Standard,35659,CBPF-UKR-25-S-NGO-35659,Protection,,20,198525.746
Ukraine,81,1438,2025,Standard,35733,CBPF-UKR-25-S-NGO-35733,Multi-purpose CASH,,45,449998.2315
Ukraine,81,1438,2025,Standard,35733,CBPF-UKR-25-S-NGO-35733,Protection,,25,249999.0175
Ukraine,81,1438,2025,Standard,35733,CBPF-UKR-25-S-NGO-35733,Protection,,30,299998.821
Ukraine,81,1388,2025,Standard,35928,CBPF-UKR-25-S-NGO-35928,Education,,40,648442.5
Ukraine,81,1388,2025,Standard,35928,CBPF-UKR-25-S-NGO-35928,Protection,,40,648442.5
Ukraine,81,1388,2025,Standard,35928,CBPF-UKR-25-S-NGO-35928,"Water, Sanitation and Hygiene",,20,324221.25
Ukraine,81,1438,2025,Standard,36082,CBPF-UKR-25-S-NGO-36082,Emergency Shelter and NFI,,49,489997.9175
Ukraine,81,1438,2025,Standard,36082,CBPF-UKR-25-S-NGO-36082,"Water, Sanitation and Hygiene",,51,509997.8325
Ukraine,81,1438,2025,Standard,36258,CBPF-UKR-25-S-NGO-36258,Education,,8,79732.8288
Ukraine,81,1438,2025,Standard,36258,CBPF-UKR-25-S-NGO-36258,Multi-purpose CASH,,33,328897.9188
Ukraine,81,1438,2025,Standard,36258,CBPF-UKR-25-S-NGO-36258,Protection,,27,269098.2972
Ukraine,81,1438,2025,Standard,36258,CBPF-UKR-25-S-NGO-36258,Protection,,32,318931.3152
Ukraine,81,1438,2025,Standard,36296,CBPF-UKR-25-S-NGO-36296,Emergency Shelter and NFI,,85,212485.0145
Ukraine,81,1438,2025,Standard,36296,CBPF-UKR-25-S-NGO-36296,"Water, Sanitation and Hygiene",,15,37497.3555
Ukraine,81,1438,2025,Standard,36305,CBPF-UKR-25-S-NGO-36305,Multi-purpose CASH,,60,599324.976
Ukraine,81,1438,2025,Standard,36305,CBPF-UKR-25-S-NGO-36305,Protection,,5,49943.748
Ukraine,81,1438,2025,Standard,36305,CBPF-UKR-25-S-NGO-36305,Protection,,35,349606.236
Ukraine,81,1438,2025,Standard,36321,CBPF-UKR-25-S-NGO-36321,Health,,58,492651.7448
Ukraine,81,1438,2025,Standard,36321,CBPF-UKR-25-S-NGO-36321,Protection,,7,59457.9692
Ukraine,81,1438,2025,Standard,36321,CBPF-UKR-25-S-NGO-36321,Protection,,35,297289.846
Ukraine,81,1543,2026,Standard,38919,CBPF-UKR-26-S-O-38919,Protection,,100,199080.99
Ukraine,81,217,2019,Standard,13624,UKR-19/UKR_CBPF/SA1/FSL/NGO/13624,Food Security,,100,208896.41
Ukraine,81,217,2019,Standard,14396,UKR-19/UKR_CBPF/SA1/H-N/INGO/14396,Health,,100,419499.99
Ukraine,81,217,2019,Standard,13737,UKR-19/UKR_CBPF/SA1/H-N-WASH/NGO/13737,Health,,50,111445.25
Ukraine,81,217,2019,Standard,13737,UKR-19/UKR_CBPF/SA1/H-N-WASH/NGO/13737,"Water, Sanitation and Hygiene",,50,111445.25
Ukraine,81,217,2019,Standard,13730,UKR-19/UKR_CBPF/SA1/P-FSL/INGO/13730,Food Security,,75,153749.9925
Ukraine,81,217,2019,Standard,13730,UKR-19/UKR_CBPF/SA1/P-FSL/INGO/13730,Protection,,25,51249.9975
Ukraine,81,217,2019,Standard,13694,UKR-19/UKR_CBPF/SA1/P-FSL-H-N-WASH-S-NFI/NGO/13694,Emergency Shelter and NFI,,15,46081.221
Ukraine,81,217,2019,Standard,13694,UKR-19/UKR_CBPF/SA1/P-FSL-H-N-WASH-S-NFI/NGO/13694,Food Security,,15,46081.221
Ukraine,81,217,2019,Standard,13694,UKR-19/UKR_CBPF/SA1/P-FSL-H-N-WASH-S-NFI/NGO/13694,Health,,15,46081.221
Ukraine,81,217,2019,Standard,13694,UKR-19/UKR_CBPF/SA1/P-FSL-H-N-WASH-S-NFI/NGO/13694,Protection,,15,46081.221
Ukraine,81,217,2019,Standard,13694,UKR-19/UKR_CBPF/SA1/P-FSL-H-N-WASH-S-NFI/NGO/13694,"Water, Sanitation and Hygiene",,40,122883.256
Ukraine,81,217,2019,Standard,13752,UKR-19/UKR_CBPF/SA1/P-WASH/NGO/13752,Protection,,87,185310
Ukraine,81,217,2019,Standard,13752,UKR-19/UKR_CBPF/SA1/P-WASH/NGO/13752,"Water, Sanitation and Hygiene",,13,27690
Ukraine,81,217,2019,Standard,13701,UKR-19/UKR_CBPF/SA1/P-WASH-FSL/INGO/13701,Food Security,,43,138284.99
Ukraine,81,217,2019,Standard,13701,UKR-19/UKR_CBPF/SA1/P-WASH-FSL/INGO/13701,Protection,,31,99693.83
Ukraine,81,217,2019,Standard,13701,UKR-19/UKR_CBPF/SA1/P-WASH-FSL/INGO/13701,"Water, Sanitation and Hygiene",,26,83614.18
Ukraine,81,217,2019,Standard,13680,UKR-19/UKR_CBPF/SA1/P-WASH-H-N/INGO/13680,Health,,11,30051.3411
Ukraine,81,217,2019,Standard,13680,UKR-19/UKR_CBPF/SA1/P-WASH-H-N/INGO/13680,Protection,,60,163916.406
Ukraine,81,217,2019,Standard,13680,UKR-19/UKR_CBPF/SA1/P-WASH-H-N/INGO/13680,"Water, Sanitation and Hygiene",,29,79226.2629
Ukraine,81,217,2019,Standard,13777,UKR-19/UKR_CBPF/SA1/S-NFI/NGO/13777,Emergency Shelter and NFI,,100,140902.16
Ukraine,81,217,2019,Standard,13722,UKR-19/UKR_CBPF/SA1/S-NFI-H-N-FSL/INGO/13722,Emergency Shelter and NFI,,76,163665.2476
Ukraine,81,217,2019,Standard,13722,UKR-19/UKR_CBPF/SA1/S-NFI-H-N-FSL/INGO/13722,Food Security,,4,8613.9604
Ukraine,81,217,2019,Standard,13722,UKR-19/UKR_CBPF/SA1/S-NFI-H-N-FSL/INGO/13722,Health,,20,43069.802
Ukraine,81,217,2019,Standard,13773,UKR-19/UKR_CBPF/SA1/WASH-P/INGO/13773,Protection,,3.9,7805.46
Ukraine,81,217,2019,Standard,13773,UKR-19/UKR_CBPF/SA1/WASH-P/INGO/13773,"Water, Sanitation and Hygiene",,96.1,192334.54
Ukraine,81,217,2019,Standard,13707,UKR-19/UKR_CBPF/SA1/WASH-S-NFI/NGO/13707,Emergency Shelter and NFI,,42,109203.7716
Ukraine,81,217,2019,Standard,13707,UKR-19/UKR_CBPF/SA1/WASH-S-NFI/NGO/13707,"Water, Sanitation and Hygiene",,58,150805.2084
Ukraine,81,248,2020,Reserve,15730,UKR-20/UKR_CBPF/RA1/COVID-19/INGO/15730,COVID-19,,100,200000
Ukraine,81,248,2020,Reserve,15731,UKR-20/UKR_CBPF/RA1/COVID-19/INGO/15731,COVID-19,,100,300049.67
Ukraine,81,248,2020,Reserve,15732,UKR-20/UKR_CBPF/RA1/COVID-19/INGO/15732,COVID-19,,100,188500.62
Ukraine,81,248,2020,Reserve,15734,UKR-20/UKR_CBPF/RA1/COVID-19/INGO/15734,COVID-19,,100,349165.88
Ukraine,81,248,2020,Reserve,15733,UKR-20/UKR_CBPF/RA1/COVID-19/NGO/15733,COVID-19,,100,504681.55
Ukraine,81,248,2020,Reserve,15736,UKR-20/UKR_CBPF/RA1/COVID-19/NGO/15736,COVID-19,,100,449741.28
Ukraine,81,262,2020,Standard,16136,UKR-20/UKR_CBPF/SA1/CSS/INGO/16136,Coordination and Support Services,,100,150000
Ukraine,81,262,2020,Standard,16150,UKR-20/UKR_CBPF/SA1/FSL/NGO/16150,Food Security,,100,225403.87
Ukraine,81,262,2020,Standard,16120,UKR-20/UKR_CBPF/SA1/FSL-CSS-WASH/NGO/16120,Coordination and Support Services,,30,52998.771
Ukraine,81,262,2020,Standard,16120,UKR-20/UKR_CBPF/SA1/FSL-CSS-WASH/NGO/16120,Food Security,,35,61831.8995
Ukraine,81,262,2020,Standard,16120,UKR-20/UKR_CBPF/SA1/FSL-CSS-WASH/NGO/16120,"Water, Sanitation and Hygiene",,35,61831.8995
Ukraine,81,262,2020,Standard,16156,UKR-20/UKR_CBPF/SA1/H-N/INGO/16156,Health,,100,600000
Ukraine,81,262,2020,Standard,16125,UKR-20/UKR_CBPF/SA1/H-N/NGO/16125,Health,,100,201195.97
Ukraine,81,262,2020,Standard,16186,UKR-20/UKR_CBPF/SA1/H-N/UN/16186,Health,,100,139996.66
Ukraine,81,294,2020,Standard,17556,UKR-20/UKR_CBPF/SA1/H-N/UN/17556,Health,,100,482716.57
Ukraine,81,296,2020,Standard,17845,UKR-20/UKR_CBPF/SA1/H-N-P-WASH/INGO/17845,Health,,35,374500
Ukraine,81,296,2020,Standard,17845,UKR-20/UKR_CBPF/SA1/H-N-P-WASH/INGO/17845,Protection,,31,331700
Ukraine,81,296,2020,Standard,17845,UKR-20/UKR_CBPF/SA1/H-N-P-WASH/INGO/17845,"Water, Sanitation and Hygiene",,34,363800
Ukraine,81,296,2020,Standard,17682,UKR-20/UKR_CBPF/SA1/H-N-P-WASH/NGO/17682,Health,,63,322307.622
Ukraine,81,296,2020,Standard,17682,UKR-20/UKR_CBPF/SA1/H-N-P-WASH/NGO/17682,Protection,,32,163711.808
Ukraine,81,296,2020,Standard,17682,UKR-20/UKR_CBPF/SA1/H-N-P-WASH/NGO/17682,"Water, Sanitation and Hygiene",,5,25579.97
Ukraine,81,296,2020,Standard,17645,UKR-20/UKR_CBPF/SA1/P-CSS-WASH/INGO/17645,Coordination and Support Services,,28.63,357874.874028
Ukraine,81,296,2020,Standard,17645,UKR-20/UKR_CBPF/SA1/P-CSS-WASH/INGO/17645,Protection,,43.69,546124.807764
Ukraine,81,296,2020,Standard,17645,UKR-20/UKR_CBPF/SA1/P-CSS-WASH/INGO/17645,"Water, Sanitation and Hygiene",,27.68,345999.878208
Ukraine,81,294,2020,Standard,17501,UKR-20/UKR_CBPF/SA1/S-NFI/INGO/17501,Emergency Shelter and NFI,,100,250000
Ukraine,81,294,2020,Standard,17545,UKR-20/UKR_CBPF/SA1/S-NFI-P/UN/17545,Emergency Shelter and NFI,,75,375000
Ukraine,81,294,2020,Standard,17545,UKR-20/UKR_CBPF/SA1/S-NFI-P/UN/17545,Protection,,25,125000
Ukraine,81,294,2020,Standard,17513,UKR-20/UKR_CBPF/SA1/S-NFI-P-FSL-WASH-E/NGO/17513,Education,,30,146682.843
Ukraine,81,294,2020,Standard,17513,UKR-20/UKR_CBPF/SA1/S-NFI-P-FSL-WASH-E/NGO/17513,Emergency Shelter and NFI,,40,195577.124
Ukraine,81,294,2020,Standard,17513,UKR-20/UKR_CBPF/SA1/S-NFI-P-FSL-WASH-E/NGO/17513,Food Security,,15,73341.4215
Ukraine,81,294,2020,Standard,17513,UKR-20/UKR_CBPF/SA1/S-NFI-P-FSL-WASH-E/NGO/17513,Protection,,5,24447.1405
Ukraine,81,294,2020,Standard,17513,UKR-20/UKR_CBPF/SA1/S-NFI-P-FSL-WASH-E/NGO/17513,"Water, Sanitation and Hygiene",,10,48894.281
Ukraine,81,262,2020,Standard,16141,UKR-20/UKR_CBPF/SA1/WASH/INGO/16141,"Water, Sanitation and Hygiene",,100,182929.29
Ukraine,81,272,2020,Reserve,16963,UKR-20/UKR_CBPF/SA1/WASH/INGO/16963,"Water, Sanitation and Hygiene",,100,342094.11
Ukraine,81,272,2020,Reserve,17140,UKR-20/UKR_CBPF/SA1/WASH/NGO/17140,"Water, Sanitation and Hygiene",,100,112842.2
Ukraine,81,294,2020,Standard,17493,UKR-20/UKR_CBPF/SA1/WASH/NGO/17493,"Water, Sanitation and Hygiene",,100,176510.93
Ukraine,81,262,2020,Standard,16133,UKR-20/UKR_CBPF/SA1/WASH-CSS-FSL/INGO/16133,Coordination and Support Services,,32,69136
Ukraine,81,262,2020,Standard,16133,UKR-20/UKR_CBPF/SA1/WASH-CSS-FSL/INGO/16133,Food Security,,10,21605
Ukraine,81,262,2020,Standard,16133,UKR-20/UKR_CBPF/SA1/WASH-CSS-FSL/INGO/16133,"Water, Sanitation and Hygiene",,58,125309
Ukraine,81,294,2020,Standard,17536,UKR-20/UKR_CBPF/SA1/WASH-E-H-N/UN/17536,Education,,40,199945.764
Ukraine,81,294,2020,Standard,17536,UKR-20/UKR_CBPF/SA1/WASH-E-H-N/UN/17536,Health,,10,49986.441
Ukraine,81,294,2020,Standard,17536,UKR-20/UKR_CBPF/SA1/WASH-E-H-N/UN/17536,"Water, Sanitation and Hygiene",,50,249932.205
Ukraine,81,262,2020,Standard,16131,UKR-20/UKR_CBPF/SA1/WASH-FSL/INGO/16131,Food Security,,40,150475.5
Ukraine,81,262,2020,Standard,16131,UKR-20/UKR_CBPF/SA1/WASH-FSL/INGO/16131,"Water, Sanitation and Hygiene",,60,225713.25
Ukraine,81,296,2020,Standard,17827,UKR-20/UKR_CBPF/SA1/WASH-H-N-P/UN/17827,Health,,40,312001.728
Ukraine,81,296,2020,Standard,17827,UKR-20/UKR_CBPF/SA1/WASH-H-N-P/UN/17827,Protection,,20,156000.864
Ukraine,81,296,2020,Standard,17827,UKR-20/UKR_CBPF/SA1/WASH-H-N-P/UN/17827,"Water, Sanitation and Hygiene",,40,312001.728
Ukraine,81,323,2021,Reserve,18487,UKR-21/UKR_CBPF/RA3/E-P/INGO/18487,Education,,81,283500
Ukraine,81,323,2021,Reserve,18487,UKR-21/UKR_CBPF/RA3/E-P/INGO/18487,Protection,,19,66500
Ukraine,81,323,2021,Reserve,18485,UKR-21/UKR_CBPF/RA3/E-P/NGO/18485,Education,,50,265270.76
Ukraine,81,323,2021,Reserve,18485,UKR-21/UKR_CBPF/RA3/E-P/NGO/18485,Protection,,50,265270.76
Ukraine,81,323,2021,Reserve,18486,UKR-21/UKR_CBPF/RA3/E-P/UN/18486,Education,,57,285260.2563
Ukraine,81,323,2021,Reserve,18486,UKR-21/UKR_CBPF/RA3/E-P/UN/18486,Protection,,43,215196.3337
Ukraine,81,324,2021,Reserve,18484,UKR-21/UKR_CBPF/RA3/P/NGO/18484,Protection,,100,444958.22
Ukraine,81,324,2021,Reserve,18483,UKR-21/UKR_CBPF/RA3/P-H-N/NGO/18483,Health,,33,250800
Ukraine,81,324,2021,Reserve,18483,UKR-21/UKR_CBPF/RA3/P-H-N/NGO/18483,Protection,,67,509200
Ukraine,81,346,2021,Standard,19951,UKR-21/UKR_CBPF/SA3/E-WASH/NGO/19951,Education,,80,247209.216
Ukraine,81,346,2021,Standard,19951,UKR-21/UKR_CBPF/SA3/E-WASH/NGO/19951,"Water, Sanitation and Hygiene",,20,61802.304
Ukraine,81,345,2021,Standard,19923,UKR-21/UKR_CBPF/SA3/FSL-H-N-WASH-P-S-NFI/NGO/19923,Emergency Shelter and NFI,,20,91327.332
Ukraine,81,345,2021,Standard,19923,UKR-21/UKR_CBPF/SA3/FSL-H-N-WASH-P-S-NFI/NGO/19923,Food Security,,20,91327.332
Ukraine,81,345,2021,Standard,19923,UKR-21/UKR_CBPF/SA3/FSL-H-N-WASH-P-S-NFI/NGO/19923,Health,,20,91327.332
Ukraine,81,345,2021,Standard,19923,UKR-21/UKR_CBPF/SA3/FSL-H-N-WASH-P-S-NFI/NGO/19923,Protection,,20,91327.332
Ukraine,81,345,2021,Standard,19923,UKR-21/UKR_CBPF/SA3/FSL-H-N-WASH-P-S-NFI/NGO/19923,"Water, Sanitation and Hygiene",,20,91327.332
Ukraine,81,345,2021,Standard,20127,UKR-21/UKR_CBPF/SA3/FSL-WASH/INGO/20127,Food Security,,50,201483.24
Ukraine,81,345,2021,Standard,20127,UKR-21/UKR_CBPF/SA3/FSL-WASH/INGO/20127,"Water, Sanitation and Hygiene",,50,201483.24
Ukraine,81,345,2021,Standard,19930,UKR-21/UKR_CBPF/SA3/H-N/INGO/19930,Health,,100,500000
Ukraine,81,345,2021,Standard,19934,UKR-21/UKR_CBPF/SA3/H-N/UN/19934,Health,,100,500000.3
Ukraine,81,346,2021,Standard,19895,UKR-21/UKR_CBPF/SA3/P/NGO/19895,Protection,,100,124185.06
Ukraine,81,346,2021,Standard,19957,UKR-21/UKR_CBPF/SA3/P/NGO/19957,Protection,,100,402670.66
Ukraine,81,346,2021,Standard,19943,UKR-21/UKR_CBPF/SA3/P-E/INGO/19943,Education,,2.5,12500
Ukraine,81,346,2021,Standard,19943,UKR-21/UKR_CBPF/SA3/P-E/INGO/19943,Protection,,97.5,487500
Ukraine,81,346,2021,Standard,19936,UKR-21/UKR_CBPF/SA3/P-FSL/INGO/19936,Food Security,,40,223287.984
Ukraine,81,346,2021,Standard,19936,UKR-21/UKR_CBPF/SA3/P-FSL/INGO/19936,Protection,,60,334931.976
Ukraine,81,346,2021,Standard,19932,UKR-21/UKR_CBPF/SA3/P-FSL-E-H-N/NGO/19932,Education,,10,106928.203
Ukraine,81,346,2021,Standard,19932,UKR-21/UKR_CBPF/SA3/P-FSL-E-H-N/NGO/19932,Food Security,,30,320784.609
Ukraine,81,346,2021,Standard,19932,UKR-21/UKR_CBPF/SA3/P-FSL-E-H-N/NGO/19932,Health,,10,106928.203
Ukraine,81,346,2021,Standard,19932,UKR-21/UKR_CBPF/SA3/P-FSL-E-H-N/NGO/19932,Protection,,50,534641.015
Ukraine,81,346,2021,Standard,19835,UKR-21/UKR_CBPF/SA3/P-FSL-WASH/INGO/19835,Food Security,,40,400000
Ukraine,81,346,2021,Standard,19835,UKR-21/UKR_CBPF/SA3/P-FSL-WASH/INGO/19835,Protection,,55,550000
Ukraine,81,346,2021,Standard,19835,UKR-21/UKR_CBPF/SA3/P-FSL-WASH/INGO/19835,"Water, Sanitation and Hygiene",,5,50000
Ukraine,81,346,2021,Standard,19927,UKR-21/UKR_CBPF/SA3/P-WASH-E-H-N/NGO/19927,Education,,7,34818.42
Ukraine,81,346,2021,Standard,19927,UKR-21/UKR_CBPF/SA3/P-WASH-E-H-N/NGO/19927,Health,,18,89533.08
Ukraine,81,346,2021,Standard,19927,UKR-21/UKR_CBPF/SA3/P-WASH-E-H-N/NGO/19927,Protection,,50,248703
Ukraine,81,346,2021,Standard,19927,UKR-21/UKR_CBPF/SA3/P-WASH-E-H-N/NGO/19927,"Water, Sanitation and Hygiene",,25,124351.5
Ukraine,81,345,2021,Standard,19946,UKR-21/UKR_CBPF/SA3/P-WASH-FSL/INGO/19946,Food Security,,30,167225.835
Ukraine,81,345,2021,Standard,19946,UKR-21/UKR_CBPF/SA3/P-WASH-FSL/INGO/19946,Protection,,40,222967.78
Ukraine,81,345,2021,Standard,19946,UKR-21/UKR_CBPF/SA3/P-WASH-FSL/INGO/19946,"Water, Sanitation and Hygiene",,30,167225.835
Ukraine,81,345,2021,Standard,19942,UKR-21/UKR_CBPF/SA3/S-NFI-FSL-WASH/INGO/19942,Emergency Shelter and NFI,,90,450000
Ukraine,81,345,2021,Standard,19942,UKR-21/UKR_CBPF/SA3/S-NFI-FSL-WASH/INGO/19942,Food Security,,7,35000
Ukraine,81,345,2021,Standard,19942,UKR-21/UKR_CBPF/SA3/S-NFI-FSL-WASH/INGO/19942,"Water, Sanitation and Hygiene",,3,15000
Ukraine,81,345,2021,Standard,19954,UKR-21/UKR_CBPF/SA3/S-NFI-P/UN/19954,Emergency Shelter and NFI,,75,750000.705
Ukraine,81,345,2021,Standard,19954,UKR-21/UKR_CBPF/SA3/S-NFI-P/UN/19954,Protection,,25,250000.235
Ukraine,81,345,2021,Standard,19963,UKR-21/UKR_CBPF/SA3/S-NFI-WASH/UN/19963,Emergency Shelter and NFI,,70,286300
Ukraine,81,345,2021,Standard,19963,UKR-21/UKR_CBPF/SA3/S-NFI-WASH/UN/19963,"Water, Sanitation and Hygiene",,30,122700
Ukraine,81,346,2021,Standard,19925,UKR-21/UKR_CBPF/SA3/WASH/NGO/19925,"Water, Sanitation and Hygiene",,100,478730.68
Ukraine,81,345,2021,Standard,19931,UKR-21/UKR_CBPF/SA3/WASH/NGO/19931,"Water, Sanitation and Hygiene",,100,237776.29
Ukraine,81,345,2021,Standard,19834,UKR-21/UKR_CBPF/SA3/WASH-FSL-S-NFI/INGO/19834,Emergency Shelter and NFI,,20,100000
Ukraine,81,345,2021,Standard,19834,UKR-21/UKR_CBPF/SA3/WASH-FSL-S-NFI/INGO/19834,Food Security,,40,200000
Ukraine,81,345,2021,Standard,19834,UKR-21/UKR_CBPF/SA3/WASH-FSL-S-NFI/INGO/19834,"Water, Sanitation and Hygiene",,40,200000
Ukraine,81,346,2021,Standard,19935,UKR-21/UKR_CBPF/SA3/WASH-P/INGO/19935,Protection,,17,306000
Ukraine,81,346,2021,Standard,19935,UKR-21/UKR_CBPF/SA3/WASH-P/INGO/19935,"Water, Sanitation and Hygiene",,83,1494000
Ukraine,81,345,2021,Standard,19928,UKR-21/UKR_CBPF/SA3/WASH-S-NFI-H-N/NGO/19928,Emergency Shelter and NFI,,55,221646.755
Ukraine,81,345,2021,Standard,19928,UKR-21/UKR_CBPF/SA3/WASH-S-NFI-H-N/NGO/19928,Health,,10,40299.41
Ukraine,81,345,2021,Standard,19928,UKR-21/UKR_CBPF/SA3/WASH-S-NFI-H-N/NGO/19928,"Water, Sanitation and Hygiene",,35,141047.935
Ukraine,81,389,2022,Reserve,21364,UKR-22/UKR_CBPF/RA1/FSL/NGO/21364,Food Security,,100,267823.5
Ukraine,81,389,2022,Reserve,21353,UKR-22/UKR_CBPF/RA1/FSL/UN/21353,Food Security,,100,520000.16
Ukraine,81,388,2022,Reserve,21363,UKR-22/UKR_CBPF/RA1/FSL/UN/21363,Food Security,,100,695719.89
Ukraine,81,389,2022,Reserve,21375,UKR-22/UKR_CBPF/RA1/H-N/INGO/21375,Health,,100,400000
Ukraine,81,389,2022,Reserve,21347,UKR-22/UKR_CBPF/RA1/H-WASH/NGO/21347,Health,,50,148887.875
Ukraine,81,389,2022,Reserve,21347,UKR-22/UKR_CBPF/RA1/H-WASH/NGO/21347,"Water, Sanitation and Hygiene",,50,148887.875
Ukraine,81,388,2022,Reserve,21329,UKR-22/UKR_CBPF/RA1/P-S-NFI/UN/21329,Emergency Shelter and NFI,,40,400000
Ukraine,81,388,2022,Reserve,21329,UKR-22/UKR_CBPF/RA1/P-S-NFI/UN/21329,Protection,,60,600000
Ukraine,81,389,2022,Reserve,21350,UKR-22/UKR_CBPF/RA1/WASH/INGO/21350,"Water, Sanitation and Hygiene",,100,135000
Ukraine,81,395,2022,Reserve,21576,UKR-22/UKR_CBPF/RA2/CCM-P-WASH-S-NFI/INGO/21576,Camp Coordination / Management,,50,850000
Ukraine,81,395,2022,Reserve,21576,UKR-22/UKR_CBPF/RA2/CCM-P-WASH-S-NFI/INGO/21576,Emergency Shelter and NFI,,20,340000
Ukraine,81,395,2022,Reserve,21576,UKR-22/UKR_CBPF/RA2/CCM-P-WASH-S-NFI/INGO/21576,Protection,,10,170000
Ukraine,81,395,2022,Reserve,21576,UKR-22/UKR_CBPF/RA2/CCM-P-WASH-S-NFI/INGO/21576,"Water, Sanitation and Hygiene",,20,340000
Ukraine,81,395,2022,Reserve,21581,UKR-22/UKR_CBPF/RA2/CSS-FSL-P-S-NFI-WASH/INGO/21581,Coordination and Support Services,,13,765571.2701
Ukraine,81,395,2022,Reserve,21581,UKR-22/UKR_CBPF/RA2/CSS-FSL-P-S-NFI-WASH/INGO/21581,Emergency Shelter and NFI,,8,471120.7816
Ukraine,81,395,2022,Reserve,21581,UKR-22/UKR_CBPF/RA2/CSS-FSL-P-S-NFI-WASH/INGO/21581,Food Security,,40,2355603.908
Ukraine,81,395,2022,Reserve,21581,UKR-22/UKR_CBPF/RA2/CSS-FSL-P-S-NFI-WASH/INGO/21581,Protection,,17,1001131.6609
Ukraine,81,395,2022,Reserve,21581,UKR-22/UKR_CBPF/RA2/CSS-FSL-P-S-NFI-WASH/INGO/21581,"Water, Sanitation and Hygiene",,22,1295582.1494
Ukraine,81,395,2022,Reserve,21668,UKR-22/UKR_CBPF/RA2/FSL/INGO/21668,Food Security,,100,1025308.24
Ukraine,81,395,2022,Reserve,21578,UKR-22/UKR_CBPF/RA2/FSL-S-NFI-P-WASH/INGO/21578,Emergency Shelter and NFI,,15,215794.0005
Ukraine,81,395,2022,Reserve,21578,UKR-22/UKR_CBPF/RA2/FSL-S-NFI-P-WASH/INGO/21578,Food Security,,55,791244.6685
Ukraine,81,395,2022,Reserve,21578,UKR-22/UKR_CBPF/RA2/FSL-S-NFI-P-WASH/INGO/21578,Protection,,15,215794.0005
Ukraine,81,395,2022,Reserve,21578,UKR-22/UKR_CBPF/RA2/FSL-S-NFI-P-WASH/INGO/21578,"Water, Sanitation and Hygiene",,15,215794.0005
Ukraine,81,395,2022,Reserve,21571,UKR-22/UKR_CBPF/RA2/FSL-S-NFI-WASH-H/NGO/21571,Emergency Shelter and NFI,,25,240587.745
Ukraine,81,395,2022,Reserve,21571,UKR-22/UKR_CBPF/RA2/FSL-S-NFI-WASH-H/NGO/21571,Food Security,,25,240587.745
Ukraine,81,395,2022,Reserve,21571,UKR-22/UKR_CBPF/RA2/FSL-S-NFI-WASH-H/NGO/21571,Health,,25,240587.745
Ukraine,81,395,2022,Reserve,21571,UKR-22/UKR_CBPF/RA2/FSL-S-NFI-WASH-H/NGO/21571,"Water, Sanitation and Hygiene",,25,240587.745
Ukraine,81,395,2022,Reserve,21579,UKR-22/UKR_CBPF/RA2/FSL-WASH/INGO/21579,Food Security,,70,3182324.971
Ukraine,81,395,2022,Reserve,21579,UKR-22/UKR_CBPF/RA2/FSL-WASH/INGO/21579,"Water, Sanitation and Hygiene",,30,1363853.559
Ukraine,81,395,2022,Reserve,21625,UKR-22/UKR_CBPF/RA2/H/INGO/21625,Health,,100,500000
Ukraine,81,395,2022,Reserve,21634,UKR-22/UKR_CBPF/RA2/H/INGO/21634,Health,,100,1500000
Ukraine,81,395,2022,Reserve,21725,UKR-22/UKR_CBPF/RA2/H/INGO/21725,Health,,100,495498.85
Ukraine,81,395,2022,Reserve,21629,UKR-22/UKR_CBPF/RA2/H/UN/21629,Health,,100,2960000.01
Ukraine,81,395,2022,Reserve,21685,UKR-22/UKR_CBPF/RA2/H/UN/21685,Health,,100,2192467.89
Ukraine,81,395,2022,Reserve,21639,UKR-22/UKR_CBPF/RA2/H-P/INGO/21639,Health,,70,1154999.993
Ukraine,81,395,2022,Reserve,21639,UKR-22/UKR_CBPF/RA2/H-P/INGO/21639,Protection,,30,494999.997
Ukraine,81,395,2022,Reserve,21718,UKR-22/UKR_CBPF/RA2/H-P-FSL/INGO/21718,Food Security,,39,585000
Ukraine,81,395,2022,Reserve,21718,UKR-22/UKR_CBPF/RA2/H-P-FSL/INGO/21718,Health,,39,585000
Ukraine,81,395,2022,Reserve,21718,UKR-22/UKR_CBPF/RA2/H-P-FSL/INGO/21718,Protection,,22,330000
Ukraine,81,395,2022,Reserve,21663,UKR-22/UKR_CBPF/RA2/LOG/UN/21663,Logistics,,100,1000000.06
Ukraine,81,395,2022,Reserve,21717,UKR-22/UKR_CBPF/RA2/NUT-P/INGO/21717,Nutrition,,26,260000
Ukraine,81,395,2022,Reserve,21717,UKR-22/UKR_CBPF/RA2/NUT-P/INGO/21717,Protection,,74,740000
Ukraine,81,395,2022,Reserve,21654,UKR-22/UKR_CBPF/RA2/P/INGO/21654,Protection,,100,2112102.21
Ukraine,81,395,2022,Reserve,21577,UKR-22/UKR_CBPF/RA2/P/NGO/21577,Protection,,100,327307.65
Ukraine,81,395,2022,Reserve,21642,UKR-22/UKR_CBPF/RA2/S-NFI-FSL-P/NGO/21642,Emergency Shelter and NFI,,54,792471.708
Ukraine,81,395,2022,Reserve,21642,UKR-22/UKR_CBPF/RA2/S-NFI-FSL-P/NGO/21642,Food Security,,37,542989.874
Ukraine,81,395,2022,Reserve,21642,UKR-22/UKR_CBPF/RA2/S-NFI-FSL-P/NGO/21642,Protection,,9,132078.618
Ukraine,81,395,2022,Reserve,21633,UKR-22/UKR_CBPF/RA2/S-NFI-P-FSL/INGO/21633,Emergency Shelter and NFI,,35,783521.5885
Ukraine,81,395,2022,Reserve,21633,UKR-22/UKR_CBPF/RA2/S-NFI-P-FSL/INGO/21633,Food Security,,30,671589.933
Ukraine,81,395,2022,Reserve,21633,UKR-22/UKR_CBPF/RA2/S-NFI-P-FSL/INGO/21633,Protection,,35,783521.5885
Ukraine,81,395,2022,Reserve,21655,UKR-22/UKR_CBPF/RA2/WASH-E-CSS/UN/21655,Coordination and Support Services,,0,0
Ukraine,81,395,2022,Reserve,21655,UKR-22/UKR_CBPF/RA2/WASH-E-CSS/UN/21655,Education,,0,0
Ukraine,81,395,2022,Reserve,21655,UKR-22/UKR_CBPF/RA2/WASH-E-CSS/UN/21655,"Water, Sanitation and Hygiene",,100,5364382.38
Ukraine,81,395,2022,Reserve,21572,UKR-22/UKR_CBPF/RA2/WASH-S-NFI/NGO/21572,Emergency Shelter and NFI,,47,172774.5991
Ukraine,81,395,2022,Reserve,21572,UKR-22/UKR_CBPF/RA2/WASH-S-NFI/NGO/21572,"Water, Sanitation and Hygiene",,53,194830.9309
Ukraine,81,395,2022,Reserve,21731,UKR-22/UKR_CBPF/RA2/WASH-S-NFI-FSL/INGO/21731,Emergency Shelter and NFI,,63.5,762000
Ukraine,81,395,2022,Reserve,21731,UKR-22/UKR_CBPF/RA2/WASH-S-NFI-FSL/INGO/21731,Food Security,,23.6,283200
Ukraine,81,395,2022,Reserve,21731,UKR-22/UKR_CBPF/RA2/WASH-S-NFI-FSL/INGO/21731,"Water, Sanitation and Hygiene",,12.9,154800
Ukraine,81,404,2022,Reserve,21890,UKR-22/UKR_CBPF/RA3/E/INGO/21890,Education,,100,495704.25
Ukraine,81,404,2022,Reserve,21907,UKR-22/UKR_CBPF/RA3/E-MPC/NGO/21907,Education,,43,214929.7337
Ukraine,81,404,2022,Reserve,21907,UKR-22/UKR_CBPF/RA3/E-MPC/NGO/21907,Multi-purpose CASH,,57,284906.8563
Ukraine,81,404,2022,Reserve,21915,UKR-22/UKR_CBPF/RA3/E-P/INGO/21915,Education,,80,529821.2
Ukraine,81,404,2022,Reserve,21915,UKR-22/UKR_CBPF/RA3/E-P/INGO/21915,Protection,,20,132455.3
Ukraine,81,404,2022,Reserve,21920,UKR-22/UKR_CBPF/RA3/ETC/UN/21920,Emergency Telecommunications,,100,248130.64
Ukraine,81,404,2022,Reserve,21883,UKR-22/UKR_CBPF/RA3/FSL/INGO/21883,Food Security,,100,1392471.34
Ukraine,81,404,2022,Reserve,21925,UKR-22/UKR_CBPF/RA3/FSL/NGO/21925,Food Security,,100,385655.62
Ukraine,81,404,2022,Reserve,21913,UKR-22/UKR_CBPF/RA3/FSL/UN/21913,Food Security,,100,2381755.15
Ukraine,81,404,2022,Reserve,21891,UKR-22/UKR_CBPF/RA3/FSL-WASH-H-CSS/INGO/21891,Coordination and Support Services,,1,3912.7734
Ukraine,81,404,2022,Reserve,21891,UKR-22/UKR_CBPF/RA3/FSL-WASH-H-CSS/INGO/21891,Food Security,,25,97819.335
Ukraine,81,404,2022,Reserve,21891,UKR-22/UKR_CBPF/RA3/FSL-WASH-H-CSS/INGO/21891,Health,,25,97819.335
Ukraine,81,404,2022,Reserve,21891,UKR-22/UKR_CBPF/RA3/FSL-WASH-H-CSS/INGO/21891,"Water, Sanitation and Hygiene",,49,191725.8966
Ukraine,81,404,2022,Reserve,21904,UKR-22/UKR_CBPF/RA3/H/INGO/21904,Health,,100,223009.4
Ukraine,81,404,2022,Reserve,21916,UKR-22/UKR_CBPF/RA3/H/UN/21916,Health,,100,3748030.78
Ukraine,81,404,2022,Reserve,21882,UKR-22/UKR_CBPF/RA3/MPC/INGO/21882,Multi-purpose CASH,,100,1040151.28
Ukraine,81,404,2022,Reserve,21889,UKR-22/UKR_CBPF/RA3/MPC/INGO/21889,Multi-purpose CASH,,100,499976.69
Ukraine,81,404,2022,Reserve,21894,UKR-22/UKR_CBPF/RA3/MPC/INGO/21894,Multi-purpose CASH,,100,699411.42
Ukraine,81,404,2022,Reserve,21912,UKR-22/UKR_CBPF/RA3/MPC/NGO/21912,Multi-purpose CASH,,100,6000178.66
Ukraine,81,404,2022,Reserve,21929,UKR-22/UKR_CBPF/RA3/MPC/UN/21929,Multi-purpose CASH,,100,5051014.95
Ukraine,81,404,2022,Reserve,21901,UKR-22/UKR_CBPF/RA3/MPC-S-NFI/NGO/21901,Emergency Shelter and NFI,,52,498862.4576
Ukraine,81,404,2022,Reserve,21901,UKR-22/UKR_CBPF/RA3/MPC-S-NFI/NGO/21901,Multi-purpose CASH,,48,460488.4224
Ukraine,81,404,2022,Reserve,21899,UKR-22/UKR_CBPF/RA3/P/NGO/21899,Protection,,100,25770.95
Ukraine,81,404,2022,Reserve,21892,UKR-22/UKR_CBPF/RA3/P/UN/21892,Protection,,100,1132449.52
Ukraine,81,404,2022,Reserve,21884,UKR-22/UKR_CBPF/RA3/P-S-NFI-WASH-FSL-H/NGO/21884,Emergency Shelter and NFI,,25,718422.3425
Ukraine,81,404,2022,Reserve,21884,UKR-22/UKR_CBPF/RA3/P-S-NFI-WASH-FSL-H/NGO/21884,Food Security,,45,1293160.2165
Ukraine,81,404,2022,Reserve,21884,UKR-22/UKR_CBPF/RA3/P-S-NFI-WASH-FSL-H/NGO/21884,Health,,10,287368.937
Ukraine,81,404,2022,Reserve,21884,UKR-22/UKR_CBPF/RA3/P-S-NFI-WASH-FSL-H/NGO/21884,Protection,,5,143684.4685
Ukraine,81,404,2022,Reserve,21884,UKR-22/UKR_CBPF/RA3/P-S-NFI-WASH-FSL-H/NGO/21884,"Water, Sanitation and Hygiene",,15,431053.4055
Ukraine,81,404,2022,Reserve,21896,UKR-22/UKR_CBPF/RA3/S-NFI-H-P-FSL-ETC/NGO/21896,Emergency Shelter and NFI,,23,273319.0418
Ukraine,81,404,2022,Reserve,21896,UKR-22/UKR_CBPF/RA3/S-NFI-H-P-FSL-ETC/NGO/21896,Emergency Telecommunications,,23,273319.0418
Ukraine,81,404,2022,Reserve,21896,UKR-22/UKR_CBPF/RA3/S-NFI-H-P-FSL-ETC/NGO/21896,Food Security,,21,249552.1686
Ukraine,81,404,2022,Reserve,21896,UKR-22/UKR_CBPF/RA3/S-NFI-H-P-FSL-ETC/NGO/21896,Health,,14,166368.1124
Ukraine,81,404,2022,Reserve,21896,UKR-22/UKR_CBPF/RA3/S-NFI-H-P-FSL-ETC/NGO/21896,Protection,,19,225785.2954
Ukraine,81,404,2022,Reserve,21898,UKR-22/UKR_CBPF/RA3/S-NFI-MPC/INGO/21898,Emergency Shelter and NFI,,38,2850000
Ukraine,81,404,2022,Reserve,21898,UKR-22/UKR_CBPF/RA3/S-NFI-MPC/INGO/21898,Multi-purpose CASH,,62,4650000
Ukraine,81,404,2022,Reserve,21888,UKR-22/UKR_CBPF/RA3/S-NFI-WASH/INGO/21888,Emergency Shelter and NFI,,26,260000
Ukraine,81,404,2022,Reserve,21888,UKR-22/UKR_CBPF/RA3/S-NFI-WASH/INGO/21888,"Water, Sanitation and Hygiene",,74,740000
Ukraine,81,404,2022,Reserve,21900,UKR-22/UKR_CBPF/RA3/S-NFI-WASH/NGO/21900,Emergency Shelter and NFI,,70,192193.547
Ukraine,81,404,2022,Reserve,21900,UKR-22/UKR_CBPF/RA3/S-NFI-WASH/NGO/21900,"Water, Sanitation and Hygiene",,30,82368.663
Ukraine,81,404,2022,Reserve,21908,UKR-22/UKR_CBPF/RA3/S-NFI-WASH-FSL-CCM-MPC/INGO/21908,Camp Coordination / Management,,6,378000
Ukraine,81,404,2022,Reserve,21908,UKR-22/UKR_CBPF/RA3/S-NFI-WASH-FSL-CCM-MPC/INGO/21908,Emergency Shelter and NFI,,9,567000
Ukraine,81,404,2022,Reserve,21908,UKR-22/UKR_CBPF/RA3/S-NFI-WASH-FSL-CCM-MPC/INGO/21908,Food Security,,11,693000
Ukraine,81,404,2022,Reserve,21908,UKR-22/UKR_CBPF/RA3/S-NFI-WASH-FSL-CCM-MPC/INGO/21908,Multi-purpose CASH,,66,4158000
Ukraine,81,404,2022,Reserve,21908,UKR-22/UKR_CBPF/RA3/S-NFI-WASH-FSL-CCM-MPC/INGO/21908,"Water, Sanitation and Hygiene",,8,504000
Ukraine,81,404,2022,Reserve,21886,UKR-22/UKR_CBPF/RA3/WASH/INGO/21886,"Water, Sanitation and Hygiene",,100,697062.45
Ukraine,81,404,2022,Reserve,21903,UKR-22/UKR_CBPF/RA3/WASH-CSS-H-FSL/NGO/21903,Coordination and Support Services,,5,43566.974
Ukraine,81,404,2022,Reserve,21903,UKR-22/UKR_CBPF/RA3/WASH-CSS-H-FSL/NGO/21903,Food Security,,11,95847.3428
Ukraine,81,404,2022,Reserve,21903,UKR-22/UKR_CBPF/RA3/WASH-CSS-H-FSL/NGO/21903,Health,,7,60993.7636
Ukraine,81,404,2022,Reserve,21903,UKR-22/UKR_CBPF/RA3/WASH-CSS-H-FSL/NGO/21903,"Water, Sanitation and Hygiene",,77,670931.3996
Ukraine,81,423,2022,Reserve,23122,UKR-22/UKR_CBPF/RA4/FSL/UN/23122,Food Security,,100,1000000.23
Ukraine,81,423,2022,Reserve,22936,UKR-22/UKR_CBPF/RA4/S-NFI/INGO/22936,Emergency Shelter and NFI,,100,501354.12
Ukraine,81,423,2022,Reserve,23007,UKR-22/UKR_CBPF/RA4/S-NFI/INGO/23007,Emergency Shelter and NFI,,100,1157270.27
Ukraine,81,423,2022,Reserve,23123,UKR-22/UKR_CBPF/RA4/S-NFI/INGO/23123,Emergency Shelter and NFI,,100,692649.95
Ukraine,81,423,2022,Reserve,22982,UKR-22/UKR_CBPF/RA4/S-NFI/NGO/22982,Emergency Shelter and NFI,,100,1056457.43
Ukraine,81,423,2022,Reserve,22991,UKR-22/UKR_CBPF/RA4/S-NFI/NGO/22991,Emergency Shelter and NFI,,100,842635.65
Ukraine,81,423,2022,Reserve,23000,UKR-22/UKR_CBPF/RA4/S-NFI/NGO/23000,Emergency Shelter and NFI,,100,368616.69
Ukraine,81,423,2022,Reserve,23039,UKR-22/UKR_CBPF/RA4/S-NFI/NGO/23039,Emergency Shelter and NFI,,100,499831.22
Ukraine,81,423,2022,Reserve,23095,UKR-22/UKR_CBPF/RA4/S-NFI/NGO/23095,Emergency Shelter and NFI,,100,2686101.44
Ukraine,81,423,2022,Reserve,23128,UKR-22/UKR_CBPF/RA4/S-NFI/NGO/23128,Emergency Shelter and NFI,,100,444274.7
Ukraine,81,423,2022,Reserve,22983,UKR-22/UKR_CBPF/RA4/S-NFI/UN/22983,Emergency Shelter and NFI,,100,7000000.01
Ukraine,81,423,2022,Reserve,23097,UKR-22/UKR_CBPF/RA4/S-NFI/UN/23097,Emergency Shelter and NFI,,100,9430971.39
Ukraine,81,433,2022,Standard,23493,UKR-22/UKR_CBPF/SA1/CCM-P/NGO/23493,Camp Coordination / Management,,85,4448428.165
Ukraine,81,433,2022,Standard,23493,UKR-22/UKR_CBPF/SA1/CCM-P/NGO/23493,Protection,,15,785016.735
Ukraine,81,434,2022,Standard,23574,UKR-22/UKR_CBPF/SA1/CCM-P/NGO/23574,Camp Coordination / Management,,90,701406.351
Ukraine,81,434,2022,Standard,23574,UKR-22/UKR_CBPF/SA1/CCM-P/NGO/23574,Protection,,10,77934.039
Ukraine,81,434,2022,Standard,23575,UKR-22/UKR_CBPF/SA1/CCM-P/NGO/23575,Camp Coordination / Management,,90,443188.971
Ukraine,81,434,2022,Standard,23575,UKR-22/UKR_CBPF/SA1/CCM-P/NGO/23575,Protection,,10,49243.219
Ukraine,81,433,2022,Standard,23502,UKR-22/UKR_CBPF/SA1/CCM-S-NFI-WASH/NGO/23502,Camp Coordination / Management,,10,96746.725
Ukraine,81,433,2022,Standard,23502,UKR-22/UKR_CBPF/SA1/CCM-S-NFI-WASH/NGO/23502,Emergency Shelter and NFI,,70,677227.075
Ukraine,81,433,2022,Standard,23502,UKR-22/UKR_CBPF/SA1/CCM-S-NFI-WASH/NGO/23502,"Water, Sanitation and Hygiene",,20,193493.45
Ukraine,81,433,2022,Standard,23506,UKR-22/UKR_CBPF/SA1/E/INGO/23506,Education,,100,1429958.7
Ukraine,81,433,2022,Standard,23518,UKR-22/UKR_CBPF/SA1/E/NGO/23518,Education,,100,1371594.48
Ukraine,81,433,2022,Standard,23478,UKR-22/UKR_CBPF/SA1/E-P/INGO/23478,Education,,40,279903.44
Ukraine,81,433,2022,Standard,23478,UKR-22/UKR_CBPF/SA1/E-P/INGO/23478,Protection,,60,419855.16
Ukraine,81,433,2022,Standard,23523,UKR-22/UKR_CBPF/SA1/E-S-NFI/INGO/23523,Education,,12,114156.486
Ukraine,81,433,2022,Standard,23523,UKR-22/UKR_CBPF/SA1/E-S-NFI/INGO/23523,Emergency Shelter and NFI,,88,837147.564
Ukraine,81,434,2022,Standard,23551,UKR-22/UKR_CBPF/SA1/FSL/INGO/23551,Food Security,,100,1499428.24
Ukraine,81,433,2022,Standard,23512,UKR-22/UKR_CBPF/SA1/FSL/NGO/23512,Food Security,,100,999907.23
Ukraine,81,433,2022,Standard,23511,UKR-22/UKR_CBPF/SA1/FSL-H-P-S-NFI/UN/23511,Emergency Shelter and NFI,,72,3974400.0648
Ukraine,81,433,2022,Standard,23511,UKR-22/UKR_CBPF/SA1/FSL-H-P-S-NFI/UN/23511,Food Security,,19,1048800.0171
Ukraine,81,433,2022,Standard,23511,UKR-22/UKR_CBPF/SA1/FSL-H-P-S-NFI/UN/23511,Health,,6,331200.0054
Ukraine,81,433,2022,Standard,23511,UKR-22/UKR_CBPF/SA1/FSL-H-P-S-NFI/UN/23511,Protection,,3,165600.0027
Ukraine,81,433,2022,Standard,23525,UKR-22/UKR_CBPF/SA1/FSL-MPC/UN/23525,Food Security,,80,3999958.912
Ukraine,81,433,2022,Standard,23525,UKR-22/UKR_CBPF/SA1/FSL-MPC/UN/23525,Multi-purpose CASH,,20,999989.728
Ukraine,81,434,2022,Standard,23516,UKR-22/UKR_CBPF/SA1/FSL-S-NFI-WASH/INGO/23516,Emergency Shelter and NFI,,30,1840918.44
Ukraine,81,434,2022,Standard,23516,UKR-22/UKR_CBPF/SA1/FSL-S-NFI-WASH/INGO/23516,Food Security,,40,2454557.92
Ukraine,81,434,2022,Standard,23516,UKR-22/UKR_CBPF/SA1/FSL-S-NFI-WASH/INGO/23516,"Water, Sanitation and Hygiene",,30,1840918.44
Ukraine,81,433,2022,Standard,23483,UKR-22/UKR_CBPF/SA1/H/INGO/23483,Health,,100,700000
Ukraine,81,433,2022,Standard,23499,UKR-22/UKR_CBPF/SA1/MPC/INGO/23499,Multi-purpose CASH,,100,998812.04
Ukraine,81,433,2022,Standard,23491,UKR-22/UKR_CBPF/SA1/MPC/NGO/23491,Multi-purpose CASH,,100,3622978.9
Ukraine,81,433,2022,Standard,23500,UKR-22/UKR_CBPF/SA1/MPC/NGO/23500,Multi-purpose CASH,,100,993077.7
Ukraine,81,433,2022,Standard,23521,UKR-22/UKR_CBPF/SA1/MPC-P/INGO/23521,Multi-purpose CASH,,45,314123.679
Ukraine,81,433,2022,Standard,23521,UKR-22/UKR_CBPF/SA1/MPC-P/INGO/23521,Protection,,55,383928.941
Ukraine,81,433,2022,Standard,23474,UKR-22/UKR_CBPF/SA1/MPC-S-NFI/INGO/23474,Emergency Shelter and NFI,,64,548901.44
Ukraine,81,433,2022,Standard,23474,UKR-22/UKR_CBPF/SA1/MPC-S-NFI/INGO/23474,Multi-purpose CASH,,36,308757.06
Ukraine,81,434,2022,Standard,23545,UKR-22/UKR_CBPF/SA1/P/INGO/23545,Protection,,100,999957.91
Ukraine,81,434,2022,Standard,23565,UKR-22/UKR_CBPF/SA1/P/INGO/23565,Protection,,100,1489568.4
Ukraine,81,434,2022,Standard,23566,UKR-22/UKR_CBPF/SA1/P/INGO/23566,Protection,,100,1823549.13
Ukraine,81,433,2022,Standard,23494,UKR-22/UKR_CBPF/SA1/P/NGO/23494,Protection,,100,695569.55
Ukraine,81,434,2022,Standard,23527,UKR-22/UKR_CBPF/SA1/P/NGO/23527,Protection,,100,746628.45
Ukraine,81,434,2022,Standard,23570,UKR-22/UKR_CBPF/SA1/P/NGO/23570,Protection,,100,432407.12
Ukraine,81,433,2022,Standard,23475,UKR-22/UKR_CBPF/SA1/P/UN/23475,Protection,,100,4665853.43
Ukraine,81,434,2022,Standard,23568,UKR-22/UKR_CBPF/SA1/P-E/NGO/23568,Education,,30,184735.5
Ukraine,81,434,2022,Standard,23568,UKR-22/UKR_CBPF/SA1/P-E/NGO/23568,Protection,,70,431049.5
Ukraine,81,433,2022,Standard,23420,UKR-22/UKR_CBPF/SA1/P-H/INGO/23420,Health,,35,348997.117
Ukraine,81,433,2022,Standard,23420,UKR-22/UKR_CBPF/SA1/P-H/INGO/23420,Protection,,65,648137.503
Ukraine,81,433,2022,Standard,23517,UKR-22/UKR_CBPF/SA1/P-H-S-NFI/INGO/23517,Emergency Shelter and NFI,,16,110375.6992
Ukraine,81,433,2022,Standard,23517,UKR-22/UKR_CBPF/SA1/P-H-S-NFI/INGO/23517,Health,,19,131071.1428
Ukraine,81,433,2022,Standard,23517,UKR-22/UKR_CBPF/SA1/P-H-S-NFI/INGO/23517,Protection,,65,448401.278
Ukraine,81,433,2022,Standard,23453,UKR-22/UKR_CBPF/SA1/P-H-WASH/UN/23453,Health,,16,400000
Ukraine,81,433,2022,Standard,23453,UKR-22/UKR_CBPF/SA1/P-H-WASH/UN/23453,Protection,,17,425000
Ukraine,81,433,2022,Standard,23453,UKR-22/UKR_CBPF/SA1/P-H-WASH/UN/23453,"Water, Sanitation and Hygiene",,67,1675000
Ukraine,81,433,2022,Standard,23498,UKR-22/UKR_CBPF/SA1/S-NFI/INGO/23498,Emergency Shelter and NFI,,100,698363.32
Ukraine,81,433,2022,Standard,23526,UKR-22/UKR_CBPF/SA1/S-NFI/INGO/23526,Emergency Shelter and NFI,,100,699973.84
Ukraine,81,434,2022,Standard,23555,UKR-22/UKR_CBPF/SA1/S-NFI/NGO/23555,Emergency Shelter and NFI,,100,932280.3
Ukraine,81,433,2022,Standard,23504,UKR-22/UKR_CBPF/SA1/S-NFI-FSL-P/NGO/23504,Emergency Shelter and NFI,,60,239806.722
Ukraine,81,433,2022,Standard,23504,UKR-22/UKR_CBPF/SA1/S-NFI-FSL-P/NGO/23504,Food Security,,28,111909.8036
Ukraine,81,433,2022,Standard,23504,UKR-22/UKR_CBPF/SA1/S-NFI-FSL-P/NGO/23504,Protection,,12,47961.3444
Ukraine,81,434,2022,Standard,23492,UKR-22/UKR_CBPF/SA1/S-NFI-FSL-WASH-P/INGO/23492,Emergency Shelter and NFI,,20,718479.11
Ukraine,81,434,2022,Standard,23492,UKR-22/UKR_CBPF/SA1/S-NFI-FSL-WASH-P/INGO/23492,Food Security,,15,538859.3325
Ukraine,81,434,2022,Standard,23492,UKR-22/UKR_CBPF/SA1/S-NFI-FSL-WASH-P/INGO/23492,Protection,,50,1796197.775
Ukraine,81,434,2022,Standard,23492,UKR-22/UKR_CBPF/SA1/S-NFI-FSL-WASH-P/INGO/23492,"Water, Sanitation and Hygiene",,15,538859.3325
Ukraine,81,433,2022,Standard,23519,UKR-22/UKR_CBPF/SA1/S-NFI-MPC-P/INGO/23519,Emergency Shelter and NFI,,40,280000
Ukraine,81,433,2022,Standard,23519,UKR-22/UKR_CBPF/SA1/S-NFI-MPC-P/INGO/23519,Multi-purpose CASH,,40,280000
Ukraine,81,433,2022,Standard,23519,UKR-22/UKR_CBPF/SA1/S-NFI-MPC-P/INGO/23519,Protection,,20,140000
Ukraine,81,433,2022,Standard,23513,UKR-22/UKR_CBPF/SA1/S-NFI-P/NGO/23513,Emergency Shelter and NFI,,98,243436.067
Ukraine,81,433,2022,Standard,23513,UKR-22/UKR_CBPF/SA1/S-NFI-P/NGO/23513,Protection,,2,4968.083
Ukraine,81,433,2022,Standard,23477,UKR-22/UKR_CBPF/SA1/S-NFI-P-FSL-MPC/INGO/23477,Emergency Shelter and NFI,,41,2050000
Ukraine,81,433,2022,Standard,23477,UKR-22/UKR_CBPF/SA1/S-NFI-P-FSL-MPC/INGO/23477,Food Security,,18,900000
Ukraine,81,433,2022,Standard,23477,UKR-22/UKR_CBPF/SA1/S-NFI-P-FSL-MPC/INGO/23477,Multi-purpose CASH,,37,1850000
Ukraine,81,433,2022,Standard,23477,UKR-22/UKR_CBPF/SA1/S-NFI-P-FSL-MPC/INGO/23477,Protection,,4,200000
Ukraine,81,434,2022,Standard,23553,UKR-22/UKR_CBPF/SA1/WASH/NGO/23553,"Water, Sanitation and Hygiene",,100,748284.17
Ukraine,81,433,2022,Standard,23486,UKR-22/UKR_CBPF/SA1/WASH-FSL-S-NFI-H/INGO/23486,Emergency Shelter and NFI,,25,165503.32
Ukraine,81,433,2022,Standard,23486,UKR-22/UKR_CBPF/SA1/WASH-FSL-S-NFI-H/INGO/23486,Food Security,,25,165503.32
Ukraine,81,433,2022,Standard,23486,UKR-22/UKR_CBPF/SA1/WASH-FSL-S-NFI-H/INGO/23486,Health,,10,66201.328
Ukraine,81,433,2022,Standard,23486,UKR-22/UKR_CBPF/SA1/WASH-FSL-S-NFI-H/INGO/23486,"Water, Sanitation and Hygiene",,40,264805.312
Ukraine,81,433,2022,Standard,23480,UKR-22/UKR_CBPF/SA1/WASH-H/UN/23480,Health,,50,2279043.44
Ukraine,81,433,2022,Standard,23480,UKR-22/UKR_CBPF/SA1/WASH-H/UN/23480,"Water, Sanitation and Hygiene",,50,2279043.44
Ukraine,81,433,2022,Standard,23482,UKR-22/UKR_CBPF/SA1/WASH-S-NFI-E/NGO/23482,Education,,15,149994.954
Ukraine,81,433,2022,Standard,23482,UKR-22/UKR_CBPF/SA1/WASH-S-NFI-E/NGO/23482,Emergency Shelter and NFI,,35,349988.226
Ukraine,81,433,2022,Standard,23482,UKR-22/UKR_CBPF/SA1/WASH-S-NFI-E/NGO/23482,"Water, Sanitation and Hygiene",,50,499983.18
Ukraine,81,433,2022,Standard,23488,UKR-22/UKR_CBPF/SA1/WASH-S-NFI-FSL/NGO/23488,Emergency Shelter and NFI,,15.8,291074.97702
Ukraine,81,433,2022,Standard,23488,UKR-22/UKR_CBPF/SA1/WASH-S-NFI-FSL/NGO/23488,Food Security,,32,589518.9408
Ukraine,81,433,2022,Standard,23488,UKR-22/UKR_CBPF/SA1/WASH-S-NFI-FSL/NGO/23488,"Water, Sanitation and Hygiene",,52.2,961652.77218
